commodity,commodity_subtype,zone,resource_id,component_id,type,variable,value
Biomass_Herb,capacity,bioherb_SE,SE_BECCS_Electricity_Herb,SE_BECCS_Electricity_Herb_biomass_edge,BECCSElectricity,capacity,0.0
Biomass_Herb,capacity,bioherb_MIDAT,MIDAT_BECCS_Electricity_Herb,MIDAT_BECCS_Electricity_Herb_biomass_edge,BECCSElectricity,capacity,0.0
Biomass_Herb,capacity,bioherb_NE,NE_BECCS_Electricity_Herb,NE_BECCS_Electricity_Herb_biomass_edge,BECCSElectricity,capacity,0.0
Biomass_Wood,capacity,biowood_SE,SE_BECCS_Electricity_Wood,SE_BECCS_Electricity_Wood_biomass_edge,BECCSElectricity,capacity,0.0
Biomass_Wood,capacity,biowood_MIDAT,MIDAT_BECCS_Electricity_Wood,MIDAT_BECCS_Electricity_Wood_biomass_edge,BECCSElectricity,capacity,0.0
Biomass_Wood,capacity,biowood_NE,NE_BECCS_Electricity_Wood,NE_BECCS_Electricity_Wood_biomass_edge,BECCSElectricity,capacity,0.0
Biomass_Herb,capacity,bioherb_SE,SE_Bio_Gasoline_Herb,SE_Bio_Gasoline_Herb_biomass_edge,BECCSGasoline,capacity,0.0
Biomass_Herb,capacity,bioherb_MIDAT,MIDAT_Bio_Gasoline_Herb,MIDAT_Bio_Gasoline_Herb_biomass_edge,BECCSGasoline,capacity,0.0
Biomass_Herb,capacity,bioherb_NE,NE_Bio_Gasoline_Herb,NE_Bio_Gasoline_Herb_biomass_edge,BECCSGasoline,capacity,0.0
Biomass_Wood,capacity,biowood_SE,SE_Bio_Gasoline_Wood,SE_Bio_Gasoline_Wood_biomass_edge,BECCSGasoline,capacity,0.0
Biomass_Wood,capacity,biowood_MIDAT,MIDAT_Bio_Gasoline_Wood,MIDAT_Bio_Gasoline_Wood_biomass_edge,BECCSGasoline,capacity,0.0
Biomass_Wood,capacity,biowood_NE,NE_Bio_Gasoline_Wood,NE_Bio_Gasoline_Wood_biomass_edge,BECCSGasoline,capacity,0.0
Biomass_Herb,capacity,bioherb_SE,SE_BECCS_H2_Herb,SE_BECCS_H2_Herb_biomass_edge,BECCSHydrogen,capacity,8847.911111111096
Biomass_Herb,capacity,bioherb_MIDAT,MIDAT_BECCS_H2_Herb,MIDAT_BECCS_H2_Herb_biomass_edge,BECCSHydrogen,capacity,0.0
Biomass_Herb,capacity,bioherb_NE,NE_BECCS_H2_Herb,NE_BECCS_H2_Herb_biomass_edge,BECCSHydrogen,capacity,0.0
Biomass_Wood,capacity,biowood_SE,SE_BECCS_H2_Wood,SE_BECCS_H2_Wood_biomass_edge,BECCSHydrogen,capacity,1969.1231396395697
Biomass_Wood,capacity,biowood_MIDAT,MIDAT_BECCS_H2_Wood,MIDAT_BECCS_H2_Wood_biomass_edge,BECCSHydrogen,capacity,2598.3683511659783
Biomass_Wood,capacity,biowood_NE,NE_BECCS_H2_Wood,NE_BECCS_H2_Wood_biomass_edge,BECCSHydrogen,capacity,0.0
Biomass_Herb,capacity,bioherb_SE,SE_Bio_FT_Herb,SE_Bio_FT_Herb_biomass_edge,BECCSLiquidFuels,capacity,0.0
Biomass_Herb,capacity,bioherb_MIDAT,MIDAT_Bio_FT_Herb,MIDAT_Bio_FT_Herb_biomass_edge,BECCSLiquidFuels,capacity,0.0
Biomass_Herb,capacity,bioherb_NE,NE_Bio_FT_Herb,NE_Bio_FT_Herb_biomass_edge,BECCSLiquidFuels,capacity,0.0
Biomass_Wood,capacity,biowood_SE,SE_Bio_FT_Wood,SE_Bio_FT_Wood_biomass_edge,BECCSLiquidFuels,capacity,0.0
Biomass_Wood,capacity,biowood_MIDAT,MIDAT_Bio_FT_Wood,MIDAT_Bio_FT_Wood_biomass_edge,BECCSLiquidFuels,capacity,0.0
Biomass_Wood,capacity,biowood_NE,NE_Bio_FT_Wood,NE_Bio_FT_Wood_biomass_edge,BECCSLiquidFuels,capacity,0.0
Biomass_Herb,capacity,bioherb_SE,SE_BECCS_FT_Herb,SE_BECCS_FT_Herb_biomass_edge,BECCSLiquidFuels,capacity,1.4979912735083526e-11
Biomass_Herb,capacity,bioherb_MIDAT,MIDAT_BECCS_FT_Herb,MIDAT_BECCS_FT_Herb_biomass_edge,BECCSLiquidFuels,capacity,1516.5444444444447
Biomass_Herb,capacity,bioherb_NE,NE_BECCS_FT_Herb,NE_BECCS_FT_Herb_biomass_edge,BECCSLiquidFuels,capacity,330.8444444444451
Biomass_Wood,capacity,biowood_SE,SE_BECCS_FT_Wood,SE_BECCS_FT_Wood_biomass_edge,BECCSLiquidFuels,capacity,10431.721304804876
Biomass_Wood,capacity,biowood_MIDAT,MIDAT_BECCS_FT_Wood,MIDAT_BECCS_FT_Wood_biomass_edge,BECCSLiquidFuels,capacity,4191.431648834021
Biomass_Wood,capacity,biowood_NE,NE_BECCS_FT_Wood,NE_BECCS_FT_Wood_biomass_edge,BECCSLiquidFuels,capacity,2117.4888888888886
Biomass_Herb,capacity,bioherb_SE,SE_Bio_NaturalGas_Herb,SE_Bio_NaturalGas_Herb_biomass_edge,BECCSNaturalGas,capacity,0.0
Biomass_Herb,capacity,bioherb_MIDAT,MIDAT_Bio_NaturalGas_Herb,MIDAT_Bio_NaturalGas_Herb_biomass_edge,BECCSNaturalGas,capacity,0.0
Biomass_Herb,capacity,bioherb_NE,NE_Bio_NaturalGas_Herb,NE_Bio_NaturalGas_Herb_biomass_edge,BECCSNaturalGas,capacity,0.0
Biomass_Wood,capacity,biowood_SE,SE_Bio_NaturalGas_Wood,SE_Bio_NaturalGas_Wood_biomass_edge,BECCSNaturalGas,capacity,0.0
Biomass_Wood,capacity,biowood_MIDAT,MIDAT_Bio_NaturalGas_Wood,MIDAT_Bio_NaturalGas_Wood_biomass_edge,BECCSNaturalGas,capacity,0.0
Biomass_Wood,capacity,biowood_NE,NE_Bio_NaturalGas_Wood,NE_Bio_NaturalGas_Wood_biomass_edge,BECCSNaturalGas,capacity,0.0
Biomass_Herb,capacity,bioherb_SE,SE_BECCS_NaturalGas_Herb,SE_BECCS_NaturalGas_Herb_biomass_edge,BECCSNaturalGas,capacity,0.0
Biomass_Herb,capacity,bioherb_MIDAT,MIDAT_BECCS_NaturalGas_Herb,MIDAT_BECCS_NaturalGas_Herb_biomass_edge,BECCSNaturalGas,capacity,0.0
Biomass_Herb,capacity,bioherb_NE,NE_BECCS_NaturalGas_Herb,NE_BECCS_NaturalGas_Herb_biomass_edge,BECCSNaturalGas,capacity,0.0
Biomass_Wood,capacity,biowood_SE,SE_BECCS_NaturalGas_Wood,SE_BECCS_NaturalGas_Wood_biomass_edge,BECCSNaturalGas,capacity,0.0
Biomass_Wood,capacity,biowood_MIDAT,MIDAT_BECCS_NaturalGas_Wood,MIDAT_BECCS_NaturalGas_Wood_biomass_edge,BECCSNaturalGas,capacity,0.0
Biomass_Wood,capacity,biowood_NE,NE_BECCS_NaturalGas_Wood,NE_BECCS_NaturalGas_Wood_biomass_edge,BECCSNaturalGas,capacity,0.0
CO2Captured,capacity,co2_captured_SE,SE_CO2_Injection_1,SE_CO2_Injection_1_co2_captured_edge,CO2Injection,capacity,19634.7
CO2Captured,capacity,co2_captured_SE,SE_CO2_Injection_2,SE_CO2_Injection_2_co2_captured_edge,CO2Injection,capacity,21367.2
CO2Captured,capacity,co2_captured_SE,SE_CO2_Injection_3,SE_CO2_Injection_3_co2_captured_edge,CO2Injection,capacity,12704.8
CO2Captured,capacity,co2_captured_SE,SE_CO2_Injection_4,SE_CO2_Injection_4_co2_captured_edge,CO2Injection,capacity,14437.3
CO2Captured,capacity,co2_captured_SE,SE_CO2_Injection_5,SE_CO2_Injection_5_co2_captured_edge,CO2Injection,capacity,8662.4
CO2Captured,capacity,co2_captured_SE,SE_CO2_Injection_6,SE_CO2_Injection_6_co2_captured_edge,CO2Injection,capacity,55439.2
CO2Captured,capacity,co2_captured_SE,SE_CO2_Injection_7,SE_CO2_Injection_7_co2_captured_edge,CO2Injection,capacity,15014.8
CO2Captured,capacity,co2_captured_SE,SE_CO2_Injection_8,SE_CO2_Injection_8_co2_captured_edge,CO2Injection,capacity,6929.9
CO2Captured,capacity,co2_captured_SE,SE_CO2_Injection_9,SE_CO2_Injection_9_co2_captured_edge,CO2Injection,capacity,2887.5
CO2Captured,capacity,co2_captured_SE,SE_CO2_Injection_10,SE_CO2_Injection_10_co2_captured_edge,CO2Injection,capacity,9239.9
CO2Captured,capacity,co2_captured_SE,SE_CO2_Injection_11,SE_CO2_Injection_11_co2_captured_edge,CO2Injection,capacity,577.5
CO2Captured,capacity,co2_captured_MIDAT,MIDAT_CO2_Injection,MIDAT_CO2_Injection_co2_captured_edge,CO2Injection,capacity,1155.0
CO2,capacity,co2_sink,SE_Sorbent_DAC,SE_Sorbent_DAC_co2_edge,ElectricDAC,capacity,15121.579806999049
CO2,capacity,co2_sink,MIDAT_Sorbent_DAC,MIDAT_Sorbent_DAC_co2_edge,ElectricDAC,capacity,681.4295657639536
CO2,capacity,co2_sink,NE_Sorbent_DAC,NE_Sorbent_DAC_co2_edge,ElectricDAC,capacity,1830.2001082637596
Electricity,capacity,elec_SE,battery_SE,battery_SE_discharge_edge,Battery,capacity,40817.54162527687
Electricity,capacity,elec_MIDAT,battery_MIDAT,battery_MIDAT_discharge_edge,Battery,capacity,16336.160374470614
Electricity,capacity,elec_NE,battery_NE,battery_NE_discharge_edge,Battery,capacity,5627.536419804405
Electricity,capacity,elec_SE,pumpedhydro_SE,pumpedhydro_SE_discharge_edge,Battery,capacity,6261.984
Electricity,capacity,elec_MIDAT,pumpedhydro_MIDAT,pumpedhydro_MIDAT_discharge_edge,Battery,capacity,5244.0
Electricity,capacity,elec_NE,pumpedhydro_NE,pumpedhydro_NE_discharge_edge,Battery,capacity,3206.9
Hydrogen,capacity,h2_SE,SE_Electrolyzer,SE_Electrolyzer_h2_edge,Electrolyzer,capacity,296781.0185983183
Hydrogen,capacity,h2_MIDAT,MIDAT_Electrolyzer,MIDAT_Electrolyzer_h2_edge,Electrolyzer,capacity,112462.13073232057
Hydrogen,capacity,h2_NE,NE_Electrolyzer,NE_Electrolyzer_h2_edge,Electrolyzer,capacity,44071.38245240117
Electricity,capacity,elec_SE,SE_CCGT-H2,SE_CCGT-H2_elec_edge,ThermalPower{Hydrogen},capacity,87.62169122089675
Electricity,capacity,elec_MIDAT,MIDAT_CCGT-H2,MIDAT_CCGT-H2_elec_edge,ThermalPower{Hydrogen},capacity,3112.4752368279524
Electricity,capacity,elec_NE,NE_CCGT-H2,NE_CCGT-H2_elec_edge,ThermalPower{Hydrogen},capacity,0.0
Electricity,capacity,elec_SE,SE_OCGT-H2,SE_OCGT-H2_elec_edge,ThermalPower{Hydrogen},capacity,0.0
Electricity,capacity,elec_MIDAT,MIDAT_OCGT-H2,MIDAT_OCGT-H2_elec_edge,ThermalPower{Hydrogen},capacity,0.0
Electricity,capacity,elec_NE,NE_OCGT-H2,NE_OCGT-H2_elec_edge,ThermalPower{Hydrogen},capacity,0.0
Hydrogen,capacity,internal,h2_SE_to_MIDAT,h2_SE_to_MIDAT_charge_edge,GasStorage{Hydrogen},capacity,0.0
Hydrogen,capacity,internal,h2_SE_to_MIDAT,h2_SE_to_MIDAT_discharge_edge,GasStorage{Hydrogen},capacity,0.0
Hydrogen,capacity,internal,h2_MIDAT_to_SE,h2_MIDAT_to_SE_charge_edge,GasStorage{Hydrogen},capacity,0.0
Hydrogen,capacity,internal,h2_MIDAT_to_SE,h2_MIDAT_to_SE_discharge_edge,GasStorage{Hydrogen},capacity,0.0
Hydrogen,capacity,internal,h2_NE_to_MIDAT,h2_NE_to_MIDAT_charge_edge,GasStorage{Hydrogen},capacity,0.0
Hydrogen,capacity,internal,h2_NE_to_MIDAT,h2_NE_to_MIDAT_discharge_edge,GasStorage{Hydrogen},capacity,0.0
Hydrogen,capacity,internal,h2_MIDAT_to_NE,h2_MIDAT_to_NE_charge_edge,GasStorage{Hydrogen},capacity,1705.0909987798532
Hydrogen,capacity,internal,h2_MIDAT_to_NE,h2_MIDAT_to_NE_discharge_edge,GasStorage{Hydrogen},capacity,1705.0909987798532
Hydrogen,capacity,internal,SE_Above_ground_storage,SE_Above_ground_storage_charge_edge,GasStorage{Hydrogen},capacity,152779.13104384067
Hydrogen,capacity,internal,SE_Above_ground_storage,SE_Above_ground_storage_discharge_edge,GasStorage{Hydrogen},capacity,128340.52315755616
Hydrogen,capacity,internal,MIDAT_Above_ground_storage,MIDAT_Above_ground_storage_charge_edge,GasStorage{Hydrogen},capacity,55981.49407216261
Hydrogen,capacity,internal,MIDAT_Above_ground_storage,MIDAT_Above_ground_storage_discharge_edge,GasStorage{Hydrogen},capacity,50330.86367022555
Hydrogen,capacity,internal,NE_Above_ground_storage,NE_Above_ground_storage_charge_edge,GasStorage{Hydrogen},capacity,20855.74911413998
Hydrogen,capacity,internal,NE_Above_ground_storage,NE_Above_ground_storage_discharge_edge,GasStorage{Hydrogen},capacity,46621.52519834252
Electricity,capacity,elec_MIDAT,MIDAT_conventional_hydroelectric_1,MIDAT_conventional_hydroelectric_1_discharge_edge,HydroRes,capacity,2806.182
Electricity,capacity,hydro_source,MIDAT_conventional_hydroelectric_1,MIDAT_conventional_hydroelectric_1_inflow_edge,HydroRes,capacity,2806.182
Electricity,capacity,elec_NE,NE_conventional_hydroelectric_1,NE_conventional_hydroelectric_1_discharge_edge,HydroRes,capacity,4729.48
Electricity,capacity,hydro_source,NE_conventional_hydroelectric_1,NE_conventional_hydroelectric_1_inflow_edge,HydroRes,capacity,4729.48
Electricity,capacity,elec_SE,SE_conventional_hydroelectric_1,SE_conventional_hydroelectric_1_discharge_edge,HydroRes,capacity,11123.215
Electricity,capacity,hydro_source,SE_conventional_hydroelectric_1,SE_conventional_hydroelectric_1_inflow_edge,HydroRes,capacity,11123.215
Electricity,capacity,elec_SE,SE_small_hydroelectric_1,SE_small_hydroelectric_1_elec_edge,MustRun,capacity,249.895
Electricity,capacity,elec_MIDAT,MIDAT_small_hydroelectric_1,MIDAT_small_hydroelectric_1_elec_edge,MustRun,capacity,263.268
Electricity,capacity,elec_NE,NE_small_hydroelectric_1,NE_small_hydroelectric_1_elec_edge,MustRun,capacity,834.494
CO2,capacity,co2_sink,SE_Solvent_DAC,SE_Solvent_DAC_co2_edge,NaturalGasDAC,capacity,1714.4630241689265
CO2,capacity,co2_sink,MIDAT_Solvent_DAC,MIDAT_Solvent_DAC_co2_edge,NaturalGasDAC,capacity,0.0
CO2,capacity,co2_sink,NE_Solvent_DAC,NE_Solvent_DAC_co2_edge,NaturalGasDAC,capacity,181.96895648314555
Hydrogen,capacity,h2_SE,SE_Large_SMR_Non_CCS,SE_Large_SMR_Non_CCS_h2_edge,ThermalHydrogen{NaturalGas},capacity,0.0
Hydrogen,capacity,h2_MIDAT,MIDAT_Large_SMR_Non_CCS,MIDAT_Large_SMR_Non_CCS_h2_edge,ThermalHydrogen{NaturalGas},capacity,0.0
Hydrogen,capacity,h2_NE,NE_Large_SMR_Non_CCS,NE_Large_SMR_Non_CCS_h2_edge,ThermalHydrogen{NaturalGas},capacity,0.0
Hydrogen,capacity,h2_SE,SE_ATR_wCCS_94pct,SE_ATR_wCCS_94pct_h2_edge,ThermalHydrogenCCS{NaturalGas},capacity,190868.96061282596
Hydrogen,capacity,h2_MIDAT,MIDAT_ATR_wCCS_94pct,MIDAT_ATR_wCCS_94pct_h2_edge,ThermalHydrogenCCS{NaturalGas},capacity,23935.311013807157
Hydrogen,capacity,h2_NE,NE_ATR_wCCS_94pct,NE_ATR_wCCS_94pct_h2_edge,ThermalHydrogenCCS{NaturalGas},capacity,7028.987800503779
Hydrogen,capacity,h2_SE,SE_Large_SMR_wCCS_96pct,SE_Large_SMR_wCCS_96pct_h2_edge,ThermalHydrogenCCS{NaturalGas},capacity,0.0
Hydrogen,capacity,h2_MIDAT,MIDAT_Large_SMR_wCCS_96pct,MIDAT_Large_SMR_wCCS_96pct_h2_edge,ThermalHydrogenCCS{NaturalGas},capacity,0.0
Hydrogen,capacity,h2_NE,NE_Large_SMR_wCCS_96pct,NE_Large_SMR_wCCS_96pct_h2_edge,ThermalHydrogenCCS{NaturalGas},capacity,0.0
Electricity,capacity,elec_MIDAT,MIDAT_natural_gas_fired_combined_cycle_1,MIDAT_natural_gas_fired_combined_cycle_1_elec_edge,ThermalPower{NaturalGas},capacity,0.0
Electricity,capacity,elec_MIDAT,MIDAT_natural_gas_fired_combined_cycle_2,MIDAT_natural_gas_fired_combined_cycle_2_elec_edge,ThermalPower{NaturalGas},capacity,21572.809137285923
Electricity,capacity,elec_MIDAT,MIDAT_natural_gas_fired_combined_cycle_3,MIDAT_natural_gas_fired_combined_cycle_3_elec_edge,ThermalPower{NaturalGas},capacity,0.0
Electricity,capacity,elec_MIDAT,MIDAT_natural_gas_fired_combined_cycle_4,MIDAT_natural_gas_fired_combined_cycle_4_elec_edge,ThermalPower{NaturalGas},capacity,0.0
Electricity,capacity,elec_MIDAT,MIDAT_natural_gas_fired_combustion_turbine_1,MIDAT_natural_gas_fired_combustion_turbine_1_elec_edge,ThermalPower{NaturalGas},capacity,0.0
Electricity,capacity,elec_MIDAT,MIDAT_natural_gas_fired_combustion_turbine_2,MIDAT_natural_gas_fired_combustion_turbine_2_elec_edge,ThermalPower{NaturalGas},capacity,3.4092408895958214e-12
Electricity,capacity,elec_NE,NE_natural_gas_fired_combined_cycle_1,NE_natural_gas_fired_combined_cycle_1_elec_edge,ThermalPower{NaturalGas},capacity,0.0
Electricity,capacity,elec_NE,NE_natural_gas_fired_combined_cycle_2,NE_natural_gas_fired_combined_cycle_2_elec_edge,ThermalPower{NaturalGas},capacity,5656.170032182789
Electricity,capacity,elec_NE,NE_natural_gas_fired_combined_cycle_3,NE_natural_gas_fired_combined_cycle_3_elec_edge,ThermalPower{NaturalGas},capacity,0.0
Electricity,capacity,elec_NE,NE_natural_gas_fired_combined_cycle_4,NE_natural_gas_fired_combined_cycle_4_elec_edge,ThermalPower{NaturalGas},capacity,296.0
Electricity,capacity,elec_NE,NE_natural_gas_fired_combustion_turbine_1,NE_natural_gas_fired_combustion_turbine_1_elec_edge,ThermalPower{NaturalGas},capacity,0.0
Electricity,capacity,elec_NE,NE_natural_gas_fired_combustion_turbine_2,NE_natural_gas_fired_combustion_turbine_2_elec_edge,ThermalPower{NaturalGas},capacity,0.0
Electricity,capacity,elec_SE,SE_natural_gas_fired_combined_cycle_1,SE_natural_gas_fired_combined_cycle_1_elec_edge,ThermalPower{NaturalGas},capacity,0.0
Electricity,capacity,elec_SE,SE_natural_gas_fired_combined_cycle_2,SE_natural_gas_fired_combined_cycle_2_elec_edge,ThermalPower{NaturalGas},capacity,0.0
Electricity,capacity,elec_SE,SE_natural_gas_fired_combined_cycle_3,SE_natural_gas_fired_combined_cycle_3_elec_edge,ThermalPower{NaturalGas},capacity,7065.139531858216
Electricity,capacity,elec_SE,SE_natural_gas_fired_combined_cycle_4,SE_natural_gas_fired_combined_cycle_4_elec_edge,ThermalPower{NaturalGas},capacity,0.0
Electricity,capacity,elec_SE,SE_natural_gas_fired_combustion_turbine_1,SE_natural_gas_fired_combustion_turbine_1_elec_edge,ThermalPower{NaturalGas},capacity,0.0
Electricity,capacity,elec_SE,SE_natural_gas_fired_combustion_turbine_2,SE_natural_gas_fired_combustion_turbine_2_elec_edge,ThermalPower{NaturalGas},capacity,0.0
Electricity,capacity,elec_SE,SE_naturalgas_ccavgcf_moderate_0,SE_naturalgas_ccavgcf_moderate_0_elec_edge,ThermalPower{NaturalGas},capacity,0.0
Electricity,capacity,elec_SE,SE_naturalgas_ctavgcf_moderate_0,SE_naturalgas_ctavgcf_moderate_0_elec_edge,ThermalPower{NaturalGas},capacity,0.0
Electricity,capacity,elec_MIDAT,MIDAT_naturalgas_ccavgcf_moderate_0,MIDAT_naturalgas_ccavgcf_moderate_0_elec_edge,ThermalPower{NaturalGas},capacity,0.0
Electricity,capacity,elec_MIDAT,MIDAT_naturalgas_ctavgcf_moderate_0,MIDAT_naturalgas_ctavgcf_moderate_0_elec_edge,ThermalPower{NaturalGas},capacity,0.0
Electricity,capacity,elec_NE,NE_naturalgas_ccavgcf_moderate_0,NE_naturalgas_ccavgcf_moderate_0_elec_edge,ThermalPower{NaturalGas},capacity,0.0
Electricity,capacity,elec_NE,NE_naturalgas_ctavgcf_moderate_0,NE_naturalgas_ctavgcf_moderate_0_elec_edge,ThermalPower{NaturalGas},capacity,0.0
Electricity,capacity,elec_SE,SE_naturalgas_ccccsavgcf_conservative_0,SE_naturalgas_ccccsavgcf_conservative_0_elec_edge,ThermalPowerCCS{NaturalGas},capacity,13785.435520134657
Electricity,capacity,elec_MIDAT,MIDAT_naturalgas_ccccsavgcf_conservative_0,MIDAT_naturalgas_ccccsavgcf_conservative_0_elec_edge,ThermalPowerCCS{NaturalGas},capacity,6.02717875608505e-12
Electricity,capacity,elec_NE,NE_naturalgas_ccccsavgcf_conservative_0,NE_naturalgas_ccccsavgcf_conservative_0_elec_edge,ThermalPowerCCS{NaturalGas},capacity,1016.766674812236
Electricity,capacity,elec_SE,SE_nuclear_1,SE_nuclear_1_elec_edge,ThermalPower{Uranium},capacity,33632.288
Electricity,capacity,elec_SE,SE_nuclear_2,SE_nuclear_2_elec_edge,ThermalPower{Uranium},capacity,2228.0
Electricity,capacity,elec_NE,NE_nuclear_1,NE_nuclear_1_elec_edge,ThermalPower{Uranium},capacity,3395.7
Electricity,capacity,elec_NE,NE_nuclear_2,NE_nuclear_2_elec_edge,ThermalPower{Uranium},capacity,2104.7
Electricity,capacity,elec_MIDAT,MIDAT_nuclear_1,MIDAT_nuclear_1_elec_edge,ThermalPower{Uranium},capacity,2440.0
Electricity,capacity,elec_MIDAT,MIDAT_nuclear_2,MIDAT_nuclear_2_elec_edge,ThermalPower{Uranium},capacity,17770.208
Electricity,capacity,elec_MIDAT,MIDAT_nuclear_mid_0,MIDAT_nuclear_mid_0_elec_edge,ThermalPower{Uranium},capacity,28480.339505940257
Electricity,capacity,elec_NE,NE_nuclear_mid_0,NE_nuclear_mid_0_elec_edge,ThermalPower{Uranium},capacity,0.0
Electricity,capacity,elec_SE,SE_nuclear_mid_0,SE_nuclear_mid_0_elec_edge,ThermalPower{Uranium},capacity,57631.702984713316
Electricity,capacity,elec_SE_elec_MIDAT,SE_to_MIDAT,SE_to_MIDAT_transmission_edge,TransmissionLink{Electricity},capacity,27760.0
Electricity,capacity,elec_MIDAT_elec_NE,MIDAT_to_NE,MIDAT_to_NE_transmission_edge,TransmissionLink{Electricity},capacity,9575.0
CO2Captured,capacity,co2_captured_SE,SE_Synthetic_FT,SE_Synthetic_FT_co2_captured_edge,SyntheticLiquidFuels,capacity,0.0
CO2Captured,capacity,co2_captured_MIDAT,MIDAT_Synthetic_FT,MIDAT_Synthetic_FT_co2_captured_edge,SyntheticLiquidFuels,capacity,0.0
CO2Captured,capacity,co2_captured_NE,NE_Synthetic_FT,NE_Synthetic_FT_co2_captured_edge,SyntheticLiquidFuels,capacity,0.0
CO2Captured,capacity,co2_captured_SE,SE_Synthetic_NaturalGas,SE_Synthetic_NaturalGas_co2_captured_edge,SyntheticNaturalGas,capacity,53013.16609251918
CO2Captured,capacity,co2_captured_MIDAT,MIDAT_Synthetic_NaturalGas,MIDAT_Synthetic_NaturalGas_co2_captured_edge,SyntheticNaturalGas,capacity,12063.535000882406
CO2Captured,capacity,co2_captured_NE,NE_Synthetic_NaturalGas,NE_Synthetic_NaturalGas_co2_captured_edge,SyntheticNaturalGas,capacity,4495.951029643293
Electricity,capacity,elec_NE,NE_offshorewind_class10_moderate_floating_1_1,NE_offshorewind_class10_moderate_floating_1_1_edge,VRE,capacity,0.0
Electricity,capacity,elec_SE,SE_utilitypv_class1_moderate_70_0_2_1,SE_utilitypv_class1_moderate_70_0_2_1_edge,VRE,capacity,526783.5046737103
Electricity,capacity,elec_SE,SE_utilitypv_class1_moderate_70_0_2_2,SE_utilitypv_class1_moderate_70_0_2_2_edge,VRE,capacity,0.0
Electricity,capacity,elec_SE,SE_utilitypv_class1_moderate_70_0_2_3,SE_utilitypv_class1_moderate_70_0_2_3_edge,VRE,capacity,59028.805943397616
Electricity,capacity,elec_SE,SE_utilitypv_class1_moderate_70_0_2_4,SE_utilitypv_class1_moderate_70_0_2_4_edge,VRE,capacity,0.0
Electricity,capacity,elec_SE,SE_utilitypv_class1_moderate_70_0_2_5,SE_utilitypv_class1_moderate_70_0_2_5_edge,VRE,capacity,0.0
Electricity,capacity,elec_SE,SE_utilitypv_class1_moderate_70_0_2_6,SE_utilitypv_class1_moderate_70_0_2_6_edge,VRE,capacity,0.0
Electricity,capacity,elec_SE,SE_utilitypv_class1_moderate_70_0_2_7,SE_utilitypv_class1_moderate_70_0_2_7_edge,VRE,capacity,0.0
Electricity,capacity,elec_SE,SE_utilitypv_class1_moderate_70_0_2_8,SE_utilitypv_class1_moderate_70_0_2_8_edge,VRE,capacity,0.0
Electricity,capacity,elec_MIDAT,MIDAT_utilitypv_class1_moderate_70_0_2_1,MIDAT_utilitypv_class1_moderate_70_0_2_1_edge,VRE,capacity,0.0
Electricity,capacity,elec_MIDAT,MIDAT_utilitypv_class1_moderate_70_0_2_2,MIDAT_utilitypv_class1_moderate_70_0_2_2_edge,VRE,capacity,0.0
Electricity,capacity,elec_MIDAT,MIDAT_utilitypv_class1_moderate_70_0_2_3,MIDAT_utilitypv_class1_moderate_70_0_2_3_edge,VRE,capacity,0.0
Electricity,capacity,elec_MIDAT,MIDAT_utilitypv_class1_moderate_70_0_2_4,MIDAT_utilitypv_class1_moderate_70_0_2_4_edge,VRE,capacity,229432.13840588566
Electricity,capacity,elec_MIDAT,MIDAT_utilitypv_class1_moderate_70_0_2_5,MIDAT_utilitypv_class1_moderate_70_0_2_5_edge,VRE,capacity,0.0
Electricity,capacity,elec_MIDAT,MIDAT_utilitypv_class1_moderate_70_0_2_6,MIDAT_utilitypv_class1_moderate_70_0_2_6_edge,VRE,capacity,0.0
Electricity,capacity,elec_MIDAT,MIDAT_utilitypv_class1_moderate_70_0_2_7,MIDAT_utilitypv_class1_moderate_70_0_2_7_edge,VRE,capacity,0.0
Electricity,capacity,elec_NE,NE_utilitypv_class1_moderate_70_0_2_1,NE_utilitypv_class1_moderate_70_0_2_1_edge,VRE,capacity,0.0
Electricity,capacity,elec_NE,NE_utilitypv_class1_moderate_70_0_2_2,NE_utilitypv_class1_moderate_70_0_2_2_edge,VRE,capacity,0.0
Electricity,capacity,elec_NE,NE_utilitypv_class1_moderate_70_0_2_3,NE_utilitypv_class1_moderate_70_0_2_3_edge,VRE,capacity,78158.02781441683
Electricity,capacity,elec_NE,NE_utilitypv_class1_moderate_70_0_2_4,NE_utilitypv_class1_moderate_70_0_2_4_edge,VRE,capacity,0.0
Electricity,capacity,elec_NE,NE_utilitypv_class1_moderate_70_0_2_5,NE_utilitypv_class1_moderate_70_0_2_5_edge,VRE,capacity,31811.17799869234
Electricity,capacity,elec_NE,NE_utilitypv_class1_moderate_70_0_2_6,NE_utilitypv_class1_moderate_70_0_2_6_edge,VRE,capacity,0.0
Electricity,capacity,elec_NE,NE_utilitypv_class1_moderate_70_0_2_7,NE_utilitypv_class1_moderate_70_0_2_7_edge,VRE,capacity,0.0
Electricity,capacity,elec_SE,SE_landbasedwind_class4_moderate_70_1,SE_landbasedwind_class4_moderate_70_1_edge,VRE,capacity,0.0
Electricity,capacity,elec_SE,SE_landbasedwind_class4_moderate_70_2,SE_landbasedwind_class4_moderate_70_2_edge,VRE,capacity,0.0
Electricity,capacity,elec_SE,SE_landbasedwind_class4_moderate_70_3,SE_landbasedwind_class4_moderate_70_3_edge,VRE,capacity,105301.0
Electricity,capacity,elec_SE,SE_landbasedwind_class4_moderate_70_4,SE_landbasedwind_class4_moderate_70_4_edge,VRE,capacity,95536.0
Electricity,capacity,elec_SE,SE_landbasedwind_class4_moderate_70_5,SE_landbasedwind_class4_moderate_70_5_edge,VRE,capacity,0.0
Electricity,capacity,elec_SE,SE_landbasedwind_class4_moderate_70_6,SE_landbasedwind_class4_moderate_70_6_edge,VRE,capacity,88620.48584665328
Electricity,capacity,elec_SE,SE_landbasedwind_class4_moderate_70_7,SE_landbasedwind_class4_moderate_70_7_edge,VRE,capacity,0.0
Electricity,capacity,elec_SE,SE_landbasedwind_class4_moderate_70_8,SE_landbasedwind_class4_moderate_70_8_edge,VRE,capacity,0.0
Electricity,capacity,elec_MIDAT,MIDAT_landbasedwind_class4_moderate_70_1,MIDAT_landbasedwind_class4_moderate_70_1_edge,VRE,capacity,1384.0
Electricity,capacity,elec_MIDAT,MIDAT_landbasedwind_class4_moderate_70_2,MIDAT_landbasedwind_class4_moderate_70_2_edge,VRE,capacity,25176.0
Electricity,capacity,elec_MIDAT,MIDAT_landbasedwind_class4_moderate_70_3,MIDAT_landbasedwind_class4_moderate_70_3_edge,VRE,capacity,10379.0
Electricity,capacity,elec_MIDAT,MIDAT_landbasedwind_class4_moderate_70_4,MIDAT_landbasedwind_class4_moderate_70_4_edge,VRE,capacity,0.0
Electricity,capacity,elec_MIDAT,MIDAT_landbasedwind_class4_moderate_70_5,MIDAT_landbasedwind_class4_moderate_70_5_edge,VRE,capacity,78586.0
Electricity,capacity,elec_MIDAT,MIDAT_landbasedwind_class4_moderate_70_6,MIDAT_landbasedwind_class4_moderate_70_6_edge,VRE,capacity,86257.0
Electricity,capacity,elec_MIDAT,MIDAT_landbasedwind_class4_moderate_70_7,MIDAT_landbasedwind_class4_moderate_70_7_edge,VRE,capacity,0.0
Electricity,capacity,elec_NE,NE_landbasedwind_class4_moderate_70_1,NE_landbasedwind_class4_moderate_70_1_edge,VRE,capacity,6841.0
Electricity,capacity,elec_NE,NE_landbasedwind_class4_moderate_70_2,NE_landbasedwind_class4_moderate_70_2_edge,VRE,capacity,10960.0
Electricity,capacity,elec_NE,NE_landbasedwind_class4_moderate_70_3,NE_landbasedwind_class4_moderate_70_3_edge,VRE,capacity,65324.0
Electricity,capacity,elec_NE,NE_landbasedwind_class4_moderate_70_4,NE_landbasedwind_class4_moderate_70_4_edge,VRE,capacity,17702.0
Electricity,capacity,elec_NE,NE_landbasedwind_class4_moderate_70_5,NE_landbasedwind_class4_moderate_70_5_edge,VRE,capacity,34818.15073545617
Electricity,capacity,elec_NE,NE_landbasedwind_class4_moderate_70_6,NE_landbasedwind_class4_moderate_70_6_edge,VRE,capacity,1111.0
Electricity,capacity,elec_NE,NE_landbasedwind_class4_moderate_70_7,NE_landbasedwind_class4_moderate_70_7_edge,VRE,capacity,13217.0
Electricity,capacity,elec_MIDAT,existing_solar_MIDAT,existing_solar_MIDAT_edge,VRE,capacity,2974.6
Electricity,capacity,elec_SE,existing_solar_SE,existing_solar_SE_edge,VRE,capacity,8502.2
Electricity,capacity,elec_NE,existing_solar_NE,existing_solar_NE_edge,VRE,capacity,1629.6
Electricity,capacity,elec_NE,existing_wind_NE,existing_wind_NE_edge,VRE,capacity,3654.5
Electricity,capacity,elec_MIDAT,existing_wind_MIDAT,existing_wind_MIDAT_edge,VRE,capacity,3231.6
Biomass_Herb,capacity,bioherb_SE,SE_BECCS_Electricity_Herb,SE_BECCS_Electricity_Herb_biomass_edge,BECCSElectricity,new_capacity,0.0
Biomass_Herb,capacity,bioherb_MIDAT,MIDAT_BECCS_Electricity_Herb,MIDAT_BECCS_Electricity_Herb_biomass_edge,BECCSElectricity,new_capacity,0.0
Biomass_Herb,capacity,bioherb_NE,NE_BECCS_Electricity_Herb,NE_BECCS_Electricity_Herb_biomass_edge,BECCSElectricity,new_capacity,0.0
Biomass_Wood,capacity,biowood_SE,SE_BECCS_Electricity_Wood,SE_BECCS_Electricity_Wood_biomass_edge,BECCSElectricity,new_capacity,0.0
Biomass_Wood,capacity,biowood_MIDAT,MIDAT_BECCS_Electricity_Wood,MIDAT_BECCS_Electricity_Wood_biomass_edge,BECCSElectricity,new_capacity,0.0
Biomass_Wood,capacity,biowood_NE,NE_BECCS_Electricity_Wood,NE_BECCS_Electricity_Wood_biomass_edge,BECCSElectricity,new_capacity,0.0
Biomass_Herb,capacity,bioherb_SE,SE_Bio_Gasoline_Herb,SE_Bio_Gasoline_Herb_biomass_edge,BECCSGasoline,new_capacity,0.0
Biomass_Herb,capacity,bioherb_MIDAT,MIDAT_Bio_Gasoline_Herb,MIDAT_Bio_Gasoline_Herb_biomass_edge,BECCSGasoline,new_capacity,0.0
Biomass_Herb,capacity,bioherb_NE,NE_Bio_Gasoline_Herb,NE_Bio_Gasoline_Herb_biomass_edge,BECCSGasoline,new_capacity,0.0
Biomass_Wood,capacity,biowood_SE,SE_Bio_Gasoline_Wood,SE_Bio_Gasoline_Wood_biomass_edge,BECCSGasoline,new_capacity,0.0
Biomass_Wood,capacity,biowood_MIDAT,MIDAT_Bio_Gasoline_Wood,MIDAT_Bio_Gasoline_Wood_biomass_edge,BECCSGasoline,new_capacity,0.0
Biomass_Wood,capacity,biowood_NE,NE_Bio_Gasoline_Wood,NE_Bio_Gasoline_Wood_biomass_edge,BECCSGasoline,new_capacity,0.0
Biomass_Herb,capacity,bioherb_SE,SE_BECCS_H2_Herb,SE_BECCS_H2_Herb_biomass_edge,BECCSHydrogen,new_capacity,8847.911111111096
Biomass_Herb,capacity,bioherb_MIDAT,MIDAT_BECCS_H2_Herb,MIDAT_BECCS_H2_Herb_biomass_edge,BECCSHydrogen,new_capacity,0.0
Biomass_Herb,capacity,bioherb_NE,NE_BECCS_H2_Herb,NE_BECCS_H2_Herb_biomass_edge,BECCSHydrogen,new_capacity,0.0
Biomass_Wood,capacity,biowood_SE,SE_BECCS_H2_Wood,SE_BECCS_H2_Wood_biomass_edge,BECCSHydrogen,new_capacity,1969.1231396395697
Biomass_Wood,capacity,biowood_MIDAT,MIDAT_BECCS_H2_Wood,MIDAT_BECCS_H2_Wood_biomass_edge,BECCSHydrogen,new_capacity,2598.3683511659783
Biomass_Wood,capacity,biowood_NE,NE_BECCS_H2_Wood,NE_BECCS_H2_Wood_biomass_edge,BECCSHydrogen,new_capacity,0.0
Biomass_Herb,capacity,bioherb_SE,SE_Bio_FT_Herb,SE_Bio_FT_Herb_biomass_edge,BECCSLiquidFuels,new_capacity,0.0
Biomass_Herb,capacity,bioherb_MIDAT,MIDAT_Bio_FT_Herb,MIDAT_Bio_FT_Herb_biomass_edge,BECCSLiquidFuels,new_capacity,0.0
Biomass_Herb,capacity,bioherb_NE,NE_Bio_FT_Herb,NE_Bio_FT_Herb_biomass_edge,BECCSLiquidFuels,new_capacity,0.0
Biomass_Wood,capacity,biowood_SE,SE_Bio_FT_Wood,SE_Bio_FT_Wood_biomass_edge,BECCSLiquidFuels,new_capacity,0.0
Biomass_Wood,capacity,biowood_MIDAT,MIDAT_Bio_FT_Wood,MIDAT_Bio_FT_Wood_biomass_edge,BECCSLiquidFuels,new_capacity,0.0
Biomass_Wood,capacity,biowood_NE,NE_Bio_FT_Wood,NE_Bio_FT_Wood_biomass_edge,BECCSLiquidFuels,new_capacity,0.0
Biomass_Herb,capacity,bioherb_SE,SE_BECCS_FT_Herb,SE_BECCS_FT_Herb_biomass_edge,BECCSLiquidFuels,new_capacity,1.4979912735083526e-11
Biomass_Herb,capacity,bioherb_MIDAT,MIDAT_BECCS_FT_Herb,MIDAT_BECCS_FT_Herb_biomass_edge,BECCSLiquidFuels,new_capacity,1516.544444444445
Biomass_Herb,capacity,bioherb_NE,NE_BECCS_FT_Herb,NE_BECCS_FT_Herb_biomass_edge,BECCSLiquidFuels,new_capacity,330.8444444444451
Biomass_Wood,capacity,biowood_SE,SE_BECCS_FT_Wood,SE_BECCS_FT_Wood_biomass_edge,BECCSLiquidFuels,new_capacity,10431.721304804876
Biomass_Wood,capacity,biowood_MIDAT,MIDAT_BECCS_FT_Wood,MIDAT_BECCS_FT_Wood_biomass_edge,BECCSLiquidFuels,new_capacity,4191.431648834022
Biomass_Wood,capacity,biowood_NE,NE_BECCS_FT_Wood,NE_BECCS_FT_Wood_biomass_edge,BECCSLiquidFuels,new_capacity,2117.4888888888886
Biomass_Herb,capacity,bioherb_SE,SE_Bio_NaturalGas_Herb,SE_Bio_NaturalGas_Herb_biomass_edge,BECCSNaturalGas,new_capacity,0.0
Biomass_Herb,capacity,bioherb_MIDAT,MIDAT_Bio_NaturalGas_Herb,MIDAT_Bio_NaturalGas_Herb_biomass_edge,BECCSNaturalGas,new_capacity,0.0
Biomass_Herb,capacity,bioherb_NE,NE_Bio_NaturalGas_Herb,NE_Bio_NaturalGas_Herb_biomass_edge,BECCSNaturalGas,new_capacity,0.0
Biomass_Wood,capacity,biowood_SE,SE_Bio_NaturalGas_Wood,SE_Bio_NaturalGas_Wood_biomass_edge,BECCSNaturalGas,new_capacity,0.0
Biomass_Wood,capacity,biowood_MIDAT,MIDAT_Bio_NaturalGas_Wood,MIDAT_Bio_NaturalGas_Wood_biomass_edge,BECCSNaturalGas,new_capacity,0.0
Biomass_Wood,capacity,biowood_NE,NE_Bio_NaturalGas_Wood,NE_Bio_NaturalGas_Wood_biomass_edge,BECCSNaturalGas,new_capacity,0.0
Biomass_Herb,capacity,bioherb_SE,SE_BECCS_NaturalGas_Herb,SE_BECCS_NaturalGas_Herb_biomass_edge,BECCSNaturalGas,new_capacity,0.0
Biomass_Herb,capacity,bioherb_MIDAT,MIDAT_BECCS_NaturalGas_Herb,MIDAT_BECCS_NaturalGas_Herb_biomass_edge,BECCSNaturalGas,new_capacity,0.0
Biomass_Herb,capacity,bioherb_NE,NE_BECCS_NaturalGas_Herb,NE_BECCS_NaturalGas_Herb_biomass_edge,BECCSNaturalGas,new_capacity,0.0
Biomass_Wood,capacity,biowood_SE,SE_BECCS_NaturalGas_Wood,SE_BECCS_NaturalGas_Wood_biomass_edge,BECCSNaturalGas,new_capacity,0.0
Biomass_Wood,capacity,biowood_MIDAT,MIDAT_BECCS_NaturalGas_Wood,MIDAT_BECCS_NaturalGas_Wood_biomass_edge,BECCSNaturalGas,new_capacity,0.0
Biomass_Wood,capacity,biowood_NE,NE_BECCS_NaturalGas_Wood,NE_BECCS_NaturalGas_Wood_biomass_edge,BECCSNaturalGas,new_capacity,0.0
CO2Captured,capacity,co2_captured_SE,SE_CO2_Injection_1,SE_CO2_Injection_1_co2_captured_edge,CO2Injection,new_capacity,0.0
CO2Captured,capacity,co2_captured_SE,SE_CO2_Injection_2,SE_CO2_Injection_2_co2_captured_edge,CO2Injection,new_capacity,0.0
CO2Captured,capacity,co2_captured_SE,SE_CO2_Injection_3,SE_CO2_Injection_3_co2_captured_edge,CO2Injection,new_capacity,0.0
CO2Captured,capacity,co2_captured_SE,SE_CO2_Injection_4,SE_CO2_Injection_4_co2_captured_edge,CO2Injection,new_capacity,0.0
CO2Captured,capacity,co2_captured_SE,SE_CO2_Injection_5,SE_CO2_Injection_5_co2_captured_edge,CO2Injection,new_capacity,0.0
CO2Captured,capacity,co2_captured_SE,SE_CO2_Injection_6,SE_CO2_Injection_6_co2_captured_edge,CO2Injection,new_capacity,0.0
CO2Captured,capacity,co2_captured_SE,SE_CO2_Injection_7,SE_CO2_Injection_7_co2_captured_edge,CO2Injection,new_capacity,0.0
CO2Captured,capacity,co2_captured_SE,SE_CO2_Injection_8,SE_CO2_Injection_8_co2_captured_edge,CO2Injection,new_capacity,0.0
CO2Captured,capacity,co2_captured_SE,SE_CO2_Injection_9,SE_CO2_Injection_9_co2_captured_edge,CO2Injection,new_capacity,0.0
CO2Captured,capacity,co2_captured_SE,SE_CO2_Injection_10,SE_CO2_Injection_10_co2_captured_edge,CO2Injection,new_capacity,0.0
CO2Captured,capacity,co2_captured_SE,SE_CO2_Injection_11,SE_CO2_Injection_11_co2_captured_edge,CO2Injection,new_capacity,0.0
CO2Captured,capacity,co2_captured_MIDAT,MIDAT_CO2_Injection,MIDAT_CO2_Injection_co2_captured_edge,CO2Injection,new_capacity,0.0
CO2,capacity,co2_sink,SE_Sorbent_DAC,SE_Sorbent_DAC_co2_edge,ElectricDAC,new_capacity,15121.579806999049
CO2,capacity,co2_sink,MIDAT_Sorbent_DAC,MIDAT_Sorbent_DAC_co2_edge,ElectricDAC,new_capacity,681.4295657639536
CO2,capacity,co2_sink,NE_Sorbent_DAC,NE_Sorbent_DAC_co2_edge,ElectricDAC,new_capacity,1830.2001082637596
Electricity,capacity,elec_SE,battery_SE,battery_SE_discharge_edge,Battery,new_capacity,40817.54162527687
Electricity,capacity,elec_MIDAT,battery_MIDAT,battery_MIDAT_discharge_edge,Battery,new_capacity,16336.160374470614
Electricity,capacity,elec_NE,battery_NE,battery_NE_discharge_edge,Battery,new_capacity,5627.536419804405
Electricity,capacity,elec_SE,pumpedhydro_SE,pumpedhydro_SE_discharge_edge,Battery,new_capacity,0.0
Electricity,capacity,elec_MIDAT,pumpedhydro_MIDAT,pumpedhydro_MIDAT_discharge_edge,Battery,new_capacity,0.0
Electricity,capacity,elec_NE,pumpedhydro_NE,pumpedhydro_NE_discharge_edge,Battery,new_capacity,0.0
Hydrogen,capacity,h2_SE,SE_Electrolyzer,SE_Electrolyzer_h2_edge,Electrolyzer,new_capacity,296781.0185983183
Hydrogen,capacity,h2_MIDAT,MIDAT_Electrolyzer,MIDAT_Electrolyzer_h2_edge,Electrolyzer,new_capacity,112462.13073232057
Hydrogen,capacity,h2_NE,NE_Electrolyzer,NE_Electrolyzer_h2_edge,Electrolyzer,new_capacity,44071.38245240117
Electricity,capacity,elec_SE,SE_CCGT-H2,SE_CCGT-H2_elec_edge,ThermalPower{Hydrogen},new_capacity,87.62169122089675
Electricity,capacity,elec_MIDAT,MIDAT_CCGT-H2,MIDAT_CCGT-H2_elec_edge,ThermalPower{Hydrogen},new_capacity,3112.4752368279524
Electricity,capacity,elec_NE,NE_CCGT-H2,NE_CCGT-H2_elec_edge,ThermalPower{Hydrogen},new_capacity,0.0
Electricity,capacity,elec_SE,SE_OCGT-H2,SE_OCGT-H2_elec_edge,ThermalPower{Hydrogen},new_capacity,0.0
Electricity,capacity,elec_MIDAT,MIDAT_OCGT-H2,MIDAT_OCGT-H2_elec_edge,ThermalPower{Hydrogen},new_capacity,0.0
Electricity,capacity,elec_NE,NE_OCGT-H2,NE_OCGT-H2_elec_edge,ThermalPower{Hydrogen},new_capacity,0.0
Hydrogen,capacity,internal,h2_SE_to_MIDAT,h2_SE_to_MIDAT_charge_edge,GasStorage{Hydrogen},new_capacity,0.0
Hydrogen,capacity,internal,h2_SE_to_MIDAT,h2_SE_to_MIDAT_discharge_edge,GasStorage{Hydrogen},new_capacity,0.0
Hydrogen,capacity,internal,h2_MIDAT_to_SE,h2_MIDAT_to_SE_charge_edge,GasStorage{Hydrogen},new_capacity,0.0
Hydrogen,capacity,internal,h2_MIDAT_to_SE,h2_MIDAT_to_SE_discharge_edge,GasStorage{Hydrogen},new_capacity,0.0
Hydrogen,capacity,internal,h2_NE_to_MIDAT,h2_NE_to_MIDAT_charge_edge,GasStorage{Hydrogen},new_capacity,0.0
Hydrogen,capacity,internal,h2_NE_to_MIDAT,h2_NE_to_MIDAT_discharge_edge,GasStorage{Hydrogen},new_capacity,0.0
Hydrogen,capacity,internal,h2_MIDAT_to_NE,h2_MIDAT_to_NE_charge_edge,GasStorage{Hydrogen},new_capacity,1705.0909987798532
Hydrogen,capacity,internal,h2_MIDAT_to_NE,h2_MIDAT_to_NE_discharge_edge,GasStorage{Hydrogen},new_capacity,1705.0909987798532
Hydrogen,capacity,internal,SE_Above_ground_storage,SE_Above_ground_storage_charge_edge,GasStorage{Hydrogen},new_capacity,152779.13104384067
Hydrogen,capacity,internal,SE_Above_ground_storage,SE_Above_ground_storage_discharge_edge,GasStorage{Hydrogen},new_capacity,128340.52315755616
Hydrogen,capacity,internal,MIDAT_Above_ground_storage,MIDAT_Above_ground_storage_charge_edge,GasStorage{Hydrogen},new_capacity,55981.49407216261
Hydrogen,capacity,internal,MIDAT_Above_ground_storage,MIDAT_Above_ground_storage_discharge_edge,GasStorage{Hydrogen},new_capacity,50330.86367022555
Hydrogen,capacity,internal,NE_Above_ground_storage,NE_Above_ground_storage_charge_edge,GasStorage{Hydrogen},new_capacity,20855.74911413998
Hydrogen,capacity,internal,NE_Above_ground_storage,NE_Above_ground_storage_discharge_edge,GasStorage{Hydrogen},new_capacity,46621.52519834252
Electricity,capacity,elec_MIDAT,MIDAT_conventional_hydroelectric_1,MIDAT_conventional_hydroelectric_1_discharge_edge,HydroRes,new_capacity,0.0
Electricity,capacity,hydro_source,MIDAT_conventional_hydroelectric_1,MIDAT_conventional_hydroelectric_1_inflow_edge,HydroRes,new_capacity,0.0
Electricity,capacity,elec_NE,NE_conventional_hydroelectric_1,NE_conventional_hydroelectric_1_discharge_edge,HydroRes,new_capacity,0.0
Electricity,capacity,hydro_source,NE_conventional_hydroelectric_1,NE_conventional_hydroelectric_1_inflow_edge,HydroRes,new_capacity,0.0
Electricity,capacity,elec_SE,SE_conventional_hydroelectric_1,SE_conventional_hydroelectric_1_discharge_edge,HydroRes,new_capacity,0.0
Electricity,capacity,hydro_source,SE_conventional_hydroelectric_1,SE_conventional_hydroelectric_1_inflow_edge,HydroRes,new_capacity,0.0
Electricity,capacity,elec_SE,SE_small_hydroelectric_1,SE_small_hydroelectric_1_elec_edge,MustRun,new_capacity,0.0
Electricity,capacity,elec_MIDAT,MIDAT_small_hydroelectric_1,MIDAT_small_hydroelectric_1_elec_edge,MustRun,new_capacity,0.0
Electricity,capacity,elec_NE,NE_small_hydroelectric_1,NE_small_hydroelectric_1_elec_edge,MustRun,new_capacity,0.0
CO2,capacity,co2_sink,SE_Solvent_DAC,SE_Solvent_DAC_co2_edge,NaturalGasDAC,new_capacity,1714.4630241689265
CO2,capacity,co2_sink,MIDAT_Solvent_DAC,MIDAT_Solvent_DAC_co2_edge,NaturalGasDAC,new_capacity,0.0
CO2,capacity,co2_sink,NE_Solvent_DAC,NE_Solvent_DAC_co2_edge,NaturalGasDAC,new_capacity,181.96895648314555
Hydrogen,capacity,h2_SE,SE_Large_SMR_Non_CCS,SE_Large_SMR_Non_CCS_h2_edge,ThermalHydrogen{NaturalGas},new_capacity,0.0
Hydrogen,capacity,h2_MIDAT,MIDAT_Large_SMR_Non_CCS,MIDAT_Large_SMR_Non_CCS_h2_edge,ThermalHydrogen{NaturalGas},new_capacity,0.0
Hydrogen,capacity,h2_NE,NE_Large_SMR_Non_CCS,NE_Large_SMR_Non_CCS_h2_edge,ThermalHydrogen{NaturalGas},new_capacity,0.0
Hydrogen,capacity,h2_SE,SE_ATR_wCCS_94pct,SE_ATR_wCCS_94pct_h2_edge,ThermalHydrogenCCS{NaturalGas},new_capacity,190868.96061282596
Hydrogen,capacity,h2_MIDAT,MIDAT_ATR_wCCS_94pct,MIDAT_ATR_wCCS_94pct_h2_edge,ThermalHydrogenCCS{NaturalGas},new_capacity,23935.311013807157
Hydrogen,capacity,h2_NE,NE_ATR_wCCS_94pct,NE_ATR_wCCS_94pct_h2_edge,ThermalHydrogenCCS{NaturalGas},new_capacity,7028.987800503779
Hydrogen,capacity,h2_SE,SE_Large_SMR_wCCS_96pct,SE_Large_SMR_wCCS_96pct_h2_edge,ThermalHydrogenCCS{NaturalGas},new_capacity,0.0
Hydrogen,capacity,h2_MIDAT,MIDAT_Large_SMR_wCCS_96pct,MIDAT_Large_SMR_wCCS_96pct_h2_edge,ThermalHydrogenCCS{NaturalGas},new_capacity,0.0
Hydrogen,capacity,h2_NE,NE_Large_SMR_wCCS_96pct,NE_Large_SMR_wCCS_96pct_h2_edge,ThermalHydrogenCCS{NaturalGas},new_capacity,0.0
Electricity,capacity,elec_MIDAT,MIDAT_natural_gas_fired_combined_cycle_1,MIDAT_natural_gas_fired_combined_cycle_1_elec_edge,ThermalPower{NaturalGas},new_capacity,0.0
Electricity,capacity,elec_MIDAT,MIDAT_natural_gas_fired_combined_cycle_2,MIDAT_natural_gas_fired_combined_cycle_2_elec_edge,ThermalPower{NaturalGas},new_capacity,0.0
Electricity,capacity,elec_MIDAT,MIDAT_natural_gas_fired_combined_cycle_3,MIDAT_natural_gas_fired_combined_cycle_3_elec_edge,ThermalPower{NaturalGas},new_capacity,0.0
Electricity,capacity,elec_MIDAT,MIDAT_natural_gas_fired_combined_cycle_4,MIDAT_natural_gas_fired_combined_cycle_4_elec_edge,ThermalPower{NaturalGas},new_capacity,0.0
Electricity,capacity,elec_MIDAT,MIDAT_natural_gas_fired_combustion_turbine_1,MIDAT_natural_gas_fired_combustion_turbine_1_elec_edge,ThermalPower{NaturalGas},new_capacity,0.0
Electricity,capacity,elec_MIDAT,MIDAT_natural_gas_fired_combustion_turbine_2,MIDAT_natural_gas_fired_combustion_turbine_2_elec_edge,ThermalPower{NaturalGas},new_capacity,0.0
Electricity,capacity,elec_NE,NE_natural_gas_fired_combined_cycle_1,NE_natural_gas_fired_combined_cycle_1_elec_edge,ThermalPower{NaturalGas},new_capacity,0.0
Electricity,capacity,elec_NE,NE_natural_gas_fired_combined_cycle_2,NE_natural_gas_fired_combined_cycle_2_elec_edge,ThermalPower{NaturalGas},new_capacity,0.0
Electricity,capacity,elec_NE,NE_natural_gas_fired_combined_cycle_3,NE_natural_gas_fired_combined_cycle_3_elec_edge,ThermalPower{NaturalGas},new_capacity,0.0
Electricity,capacity,elec_NE,NE_natural_gas_fired_combined_cycle_4,NE_natural_gas_fired_combined_cycle_4_elec_edge,ThermalPower{NaturalGas},new_capacity,0.0
Electricity,capacity,elec_NE,NE_natural_gas_fired_combustion_turbine_1,NE_natural_gas_fired_combustion_turbine_1_elec_edge,ThermalPower{NaturalGas},new_capacity,0.0
Electricity,capacity,elec_NE,NE_natural_gas_fired_combustion_turbine_2,NE_natural_gas_fired_combustion_turbine_2_elec_edge,ThermalPower{NaturalGas},new_capacity,0.0
Electricity,capacity,elec_SE,SE_natural_gas_fired_combined_cycle_1,SE_natural_gas_fired_combined_cycle_1_elec_edge,ThermalPower{NaturalGas},new_capacity,0.0
Electricity,capacity,elec_SE,SE_natural_gas_fired_combined_cycle_2,SE_natural_gas_fired_combined_cycle_2_elec_edge,ThermalPower{NaturalGas},new_capacity,0.0
Electricity,capacity,elec_SE,SE_natural_gas_fired_combined_cycle_3,SE_natural_gas_fired_combined_cycle_3_elec_edge,ThermalPower{NaturalGas},new_capacity,0.0
Electricity,capacity,elec_SE,SE_natural_gas_fired_combined_cycle_4,SE_natural_gas_fired_combined_cycle_4_elec_edge,ThermalPower{NaturalGas},new_capacity,0.0
Electricity,capacity,elec_SE,SE_natural_gas_fired_combustion_turbine_1,SE_natural_gas_fired_combustion_turbine_1_elec_edge,ThermalPower{NaturalGas},new_capacity,0.0
Electricity,capacity,elec_SE,SE_natural_gas_fired_combustion_turbine_2,SE_natural_gas_fired_combustion_turbine_2_elec_edge,ThermalPower{NaturalGas},new_capacity,0.0
Electricity,capacity,elec_SE,SE_naturalgas_ccavgcf_moderate_0,SE_naturalgas_ccavgcf_moderate_0_elec_edge,ThermalPower{NaturalGas},new_capacity,0.0
Electricity,capacity,elec_SE,SE_naturalgas_ctavgcf_moderate_0,SE_naturalgas_ctavgcf_moderate_0_elec_edge,ThermalPower{NaturalGas},new_capacity,0.0
Electricity,capacity,elec_MIDAT,MIDAT_naturalgas_ccavgcf_moderate_0,MIDAT_naturalgas_ccavgcf_moderate_0_elec_edge,ThermalPower{NaturalGas},new_capacity,0.0
Electricity,capacity,elec_MIDAT,MIDAT_naturalgas_ctavgcf_moderate_0,MIDAT_naturalgas_ctavgcf_moderate_0_elec_edge,ThermalPower{NaturalGas},new_capacity,0.0
Electricity,capacity,elec_NE,NE_naturalgas_ccavgcf_moderate_0,NE_naturalgas_ccavgcf_moderate_0_elec_edge,ThermalPower{NaturalGas},new_capacity,0.0
Electricity,capacity,elec_NE,NE_naturalgas_ctavgcf_moderate_0,NE_naturalgas_ctavgcf_moderate_0_elec_edge,ThermalPower{NaturalGas},new_capacity,0.0
Electricity,capacity,elec_SE,SE_naturalgas_ccccsavgcf_conservative_0,SE_naturalgas_ccccsavgcf_conservative_0_elec_edge,ThermalPowerCCS{NaturalGas},new_capacity,13785.435520134657
Electricity,capacity,elec_MIDAT,MIDAT_naturalgas_ccccsavgcf_conservative_0,MIDAT_naturalgas_ccccsavgcf_conservative_0_elec_edge,ThermalPowerCCS{NaturalGas},new_capacity,6.02717875608505e-12
Electricity,capacity,elec_NE,NE_naturalgas_ccccsavgcf_conservative_0,NE_naturalgas_ccccsavgcf_conservative_0_elec_edge,ThermalPowerCCS{NaturalGas},new_capacity,1016.7666748122361
Electricity,capacity,elec_SE,SE_nuclear_1,SE_nuclear_1_elec_edge,ThermalPower{Uranium},new_capacity,0.0
Electricity,capacity,elec_SE,SE_nuclear_2,SE_nuclear_2_elec_edge,ThermalPower{Uranium},new_capacity,0.0
Electricity,capacity,elec_NE,NE_nuclear_1,NE_nuclear_1_elec_edge,ThermalPower{Uranium},new_capacity,0.0
Electricity,capacity,elec_NE,NE_nuclear_2,NE_nuclear_2_elec_edge,ThermalPower{Uranium},new_capacity,0.0
Electricity,capacity,elec_MIDAT,MIDAT_nuclear_1,MIDAT_nuclear_1_elec_edge,ThermalPower{Uranium},new_capacity,0.0
Electricity,capacity,elec_MIDAT,MIDAT_nuclear_2,MIDAT_nuclear_2_elec_edge,ThermalPower{Uranium},new_capacity,0.0
Electricity,capacity,elec_MIDAT,MIDAT_nuclear_mid_0,MIDAT_nuclear_mid_0_elec_edge,ThermalPower{Uranium},new_capacity,28480.339505940257
Electricity,capacity,elec_NE,NE_nuclear_mid_0,NE_nuclear_mid_0_elec_edge,ThermalPower{Uranium},new_capacity,0.0
Electricity,capacity,elec_SE,SE_nuclear_mid_0,SE_nuclear_mid_0_elec_edge,ThermalPower{Uranium},new_capacity,57631.702984713316
Electricity,capacity,elec_SE_elec_MIDAT,SE_to_MIDAT,SE_to_MIDAT_transmission_edge,TransmissionLink{Electricity},new_capacity,22208.0
Electricity,capacity,elec_MIDAT_elec_NE,MIDAT_to_NE,MIDAT_to_NE_transmission_edge,TransmissionLink{Electricity},new_capacity,7660.0
CO2Captured,capacity,co2_captured_SE,SE_Synthetic_FT,SE_Synthetic_FT_co2_captured_edge,SyntheticLiquidFuels,new_capacity,0.0
CO2Captured,capacity,co2_captured_MIDAT,MIDAT_Synthetic_FT,MIDAT_Synthetic_FT_co2_captured_edge,SyntheticLiquidFuels,new_capacity,0.0
CO2Captured,capacity,co2_captured_NE,NE_Synthetic_FT,NE_Synthetic_FT_co2_captured_edge,SyntheticLiquidFuels,new_capacity,0.0
CO2Captured,capacity,co2_captured_SE,SE_Synthetic_NaturalGas,SE_Synthetic_NaturalGas_co2_captured_edge,SyntheticNaturalGas,new_capacity,53013.16609251918
CO2Captured,capacity,co2_captured_MIDAT,MIDAT_Synthetic_NaturalGas,MIDAT_Synthetic_NaturalGas_co2_captured_edge,SyntheticNaturalGas,new_capacity,12063.535000882406
CO2Captured,capacity,co2_captured_NE,NE_Synthetic_NaturalGas,NE_Synthetic_NaturalGas_co2_captured_edge,SyntheticNaturalGas,new_capacity,4495.951029643293
Electricity,capacity,elec_NE,NE_offshorewind_class10_moderate_floating_1_1,NE_offshorewind_class10_moderate_floating_1_1_edge,VRE,new_capacity,0.0
Electricity,capacity,elec_SE,SE_utilitypv_class1_moderate_70_0_2_1,SE_utilitypv_class1_moderate_70_0_2_1_edge,VRE,new_capacity,526783.5046737103
Electricity,capacity,elec_SE,SE_utilitypv_class1_moderate_70_0_2_2,SE_utilitypv_class1_moderate_70_0_2_2_edge,VRE,new_capacity,0.0
Electricity,capacity,elec_SE,SE_utilitypv_class1_moderate_70_0_2_3,SE_utilitypv_class1_moderate_70_0_2_3_edge,VRE,new_capacity,59028.805943397616
Electricity,capacity,elec_SE,SE_utilitypv_class1_moderate_70_0_2_4,SE_utilitypv_class1_moderate_70_0_2_4_edge,VRE,new_capacity,0.0
Electricity,capacity,elec_SE,SE_utilitypv_class1_moderate_70_0_2_5,SE_utilitypv_class1_moderate_70_0_2_5_edge,VRE,new_capacity,0.0
Electricity,capacity,elec_SE,SE_utilitypv_class1_moderate_70_0_2_6,SE_utilitypv_class1_moderate_70_0_2_6_edge,VRE,new_capacity,0.0
Electricity,capacity,elec_SE,SE_utilitypv_class1_moderate_70_0_2_7,SE_utilitypv_class1_moderate_70_0_2_7_edge,VRE,new_capacity,0.0
Electricity,capacity,elec_SE,SE_utilitypv_class1_moderate_70_0_2_8,SE_utilitypv_class1_moderate_70_0_2_8_edge,VRE,new_capacity,0.0
Electricity,capacity,elec_MIDAT,MIDAT_utilitypv_class1_moderate_70_0_2_1,MIDAT_utilitypv_class1_moderate_70_0_2_1_edge,VRE,new_capacity,0.0
Electricity,capacity,elec_MIDAT,MIDAT_utilitypv_class1_moderate_70_0_2_2,MIDAT_utilitypv_class1_moderate_70_0_2_2_edge,VRE,new_capacity,0.0
Electricity,capacity,elec_MIDAT,MIDAT_utilitypv_class1_moderate_70_0_2_3,MIDAT_utilitypv_class1_moderate_70_0_2_3_edge,VRE,new_capacity,0.0
Electricity,capacity,elec_MIDAT,MIDAT_utilitypv_class1_moderate_70_0_2_4,MIDAT_utilitypv_class1_moderate_70_0_2_4_edge,VRE,new_capacity,229432.13840588566
Electricity,capacity,elec_MIDAT,MIDAT_utilitypv_class1_moderate_70_0_2_5,MIDAT_utilitypv_class1_moderate_70_0_2_5_edge,VRE,new_capacity,0.0
Electricity,capacity,elec_MIDAT,MIDAT_utilitypv_class1_moderate_70_0_2_6,MIDAT_utilitypv_class1_moderate_70_0_2_6_edge,VRE,new_capacity,0.0
Electricity,capacity,elec_MIDAT,MIDAT_utilitypv_class1_moderate_70_0_2_7,MIDAT_utilitypv_class1_moderate_70_0_2_7_edge,VRE,new_capacity,0.0
Electricity,capacity,elec_NE,NE_utilitypv_class1_moderate_70_0_2_1,NE_utilitypv_class1_moderate_70_0_2_1_edge,VRE,new_capacity,0.0
Electricity,capacity,elec_NE,NE_utilitypv_class1_moderate_70_0_2_2,NE_utilitypv_class1_moderate_70_0_2_2_edge,VRE,new_capacity,0.0
Electricity,capacity,elec_NE,NE_utilitypv_class1_moderate_70_0_2_3,NE_utilitypv_class1_moderate_70_0_2_3_edge,VRE,new_capacity,78158.02781441683
Electricity,capacity,elec_NE,NE_utilitypv_class1_moderate_70_0_2_4,NE_utilitypv_class1_moderate_70_0_2_4_edge,VRE,new_capacity,0.0
Electricity,capacity,elec_NE,NE_utilitypv_class1_moderate_70_0_2_5,NE_utilitypv_class1_moderate_70_0_2_5_edge,VRE,new_capacity,31811.17799869234
Electricity,capacity,elec_NE,NE_utilitypv_class1_moderate_70_0_2_6,NE_utilitypv_class1_moderate_70_0_2_6_edge,VRE,new_capacity,0.0
Electricity,capacity,elec_NE,NE_utilitypv_class1_moderate_70_0_2_7,NE_utilitypv_class1_moderate_70_0_2_7_edge,VRE,new_capacity,0.0
Electricity,capacity,elec_SE,SE_landbasedwind_class4_moderate_70_1,SE_landbasedwind_class4_moderate_70_1_edge,VRE,new_capacity,0.0
Electricity,capacity,elec_SE,SE_landbasedwind_class4_moderate_70_2,SE_landbasedwind_class4_moderate_70_2_edge,VRE,new_capacity,0.0
Electricity,capacity,elec_SE,SE_landbasedwind_class4_moderate_70_3,SE_landbasedwind_class4_moderate_70_3_edge,VRE,new_capacity,105301.0
Electricity,capacity,elec_SE,SE_landbasedwind_class4_moderate_70_4,SE_landbasedwind_class4_moderate_70_4_edge,VRE,new_capacity,95536.0
Electricity,capacity,elec_SE,SE_landbasedwind_class4_moderate_70_5,SE_landbasedwind_class4_moderate_70_5_edge,VRE,new_capacity,0.0
Electricity,capacity,elec_SE,SE_landbasedwind_class4_moderate_70_6,SE_landbasedwind_class4_moderate_70_6_edge,VRE,new_capacity,88620.48584665328
Electricity,capacity,elec_SE,SE_landbasedwind_class4_moderate_70_7,SE_landbasedwind_class4_moderate_70_7_edge,VRE,new_capacity,0.0
Electricity,capacity,elec_SE,SE_landbasedwind_class4_moderate_70_8,SE_landbasedwind_class4_moderate_70_8_edge,VRE,new_capacity,0.0
Electricity,capacity,elec_MIDAT,MIDAT_landbasedwind_class4_moderate_70_1,MIDAT_landbasedwind_class4_moderate_70_1_edge,VRE,new_capacity,1384.0
Electricity,capacity,elec_MIDAT,MIDAT_landbasedwind_class4_moderate_70_2,MIDAT_landbasedwind_class4_moderate_70_2_edge,VRE,new_capacity,25176.0
Electricity,capacity,elec_MIDAT,MIDAT_landbasedwind_class4_moderate_70_3,MIDAT_landbasedwind_class4_moderate_70_3_edge,VRE,new_capacity,10379.0
Electricity,capacity,elec_MIDAT,MIDAT_landbasedwind_class4_moderate_70_4,MIDAT_landbasedwind_class4_moderate_70_4_edge,VRE,new_capacity,0.0
Electricity,capacity,elec_MIDAT,MIDAT_landbasedwind_class4_moderate_70_5,MIDAT_landbasedwind_class4_moderate_70_5_edge,VRE,new_capacity,78586.0
Electricity,capacity,elec_MIDAT,MIDAT_landbasedwind_class4_moderate_70_6,MIDAT_landbasedwind_class4_moderate_70_6_edge,VRE,new_capacity,86257.0
Electricity,capacity,elec_MIDAT,MIDAT_landbasedwind_class4_moderate_70_7,MIDAT_landbasedwind_class4_moderate_70_7_edge,VRE,new_capacity,0.0
Electricity,capacity,elec_NE,NE_landbasedwind_class4_moderate_70_1,NE_landbasedwind_class4_moderate_70_1_edge,VRE,new_capacity,6841.0
Electricity,capacity,elec_NE,NE_landbasedwind_class4_moderate_70_2,NE_landbasedwind_class4_moderate_70_2_edge,VRE,new_capacity,10960.0
Electricity,capacity,elec_NE,NE_landbasedwind_class4_moderate_70_3,NE_landbasedwind_class4_moderate_70_3_edge,VRE,new_capacity,65324.0
Electricity,capacity,elec_NE,NE_landbasedwind_class4_moderate_70_4,NE_landbasedwind_class4_moderate_70_4_edge,VRE,new_capacity,17702.0
Electricity,capacity,elec_NE,NE_landbasedwind_class4_moderate_70_5,NE_landbasedwind_class4_moderate_70_5_edge,VRE,new_capacity,34818.15073545617
Electricity,capacity,elec_NE,NE_landbasedwind_class4_moderate_70_6,NE_landbasedwind_class4_moderate_70_6_edge,VRE,new_capacity,1111.0
Electricity,capacity,elec_NE,NE_landbasedwind_class4_moderate_70_7,NE_landbasedwind_class4_moderate_70_7_edge,VRE,new_capacity,13217.0
Electricity,capacity,elec_MIDAT,existing_solar_MIDAT,existing_solar_MIDAT_edge,VRE,new_capacity,0.0
Electricity,capacity,elec_SE,existing_solar_SE,existing_solar_SE_edge,VRE,new_capacity,0.0
Electricity,capacity,elec_NE,existing_solar_NE,existing_solar_NE_edge,VRE,new_capacity,0.0
Electricity,capacity,elec_NE,existing_wind_NE,existing_wind_NE_edge,VRE,new_capacity,0.0
Electricity,capacity,elec_MIDAT,existing_wind_MIDAT,existing_wind_MIDAT_edge,VRE,new_capacity,0.0
Biomass_Herb,capacity,bioherb_SE,SE_BECCS_Electricity_Herb,SE_BECCS_Electricity_Herb_biomass_edge,BECCSElectricity,retired_capacity,0.0
Biomass_Herb,capacity,bioherb_MIDAT,MIDAT_BECCS_Electricity_Herb,MIDAT_BECCS_Electricity_Herb_biomass_edge,BECCSElectricity,retired_capacity,0.0
Biomass_Herb,capacity,bioherb_NE,NE_BECCS_Electricity_Herb,NE_BECCS_Electricity_Herb_biomass_edge,BECCSElectricity,retired_capacity,0.0
Biomass_Wood,capacity,biowood_SE,SE_BECCS_Electricity_Wood,SE_BECCS_Electricity_Wood_biomass_edge,BECCSElectricity,retired_capacity,0.0
Biomass_Wood,capacity,biowood_MIDAT,MIDAT_BECCS_Electricity_Wood,MIDAT_BECCS_Electricity_Wood_biomass_edge,BECCSElectricity,retired_capacity,0.0
Biomass_Wood,capacity,biowood_NE,NE_BECCS_Electricity_Wood,NE_BECCS_Electricity_Wood_biomass_edge,BECCSElectricity,retired_capacity,0.0
Biomass_Herb,capacity,bioherb_SE,SE_Bio_Gasoline_Herb,SE_Bio_Gasoline_Herb_biomass_edge,BECCSGasoline,retired_capacity,0.0
Biomass_Herb,capacity,bioherb_MIDAT,MIDAT_Bio_Gasoline_Herb,MIDAT_Bio_Gasoline_Herb_biomass_edge,BECCSGasoline,retired_capacity,0.0
Biomass_Herb,capacity,bioherb_NE,NE_Bio_Gasoline_Herb,NE_Bio_Gasoline_Herb_biomass_edge,BECCSGasoline,retired_capacity,0.0
Biomass_Wood,capacity,biowood_SE,SE_Bio_Gasoline_Wood,SE_Bio_Gasoline_Wood_biomass_edge,BECCSGasoline,retired_capacity,0.0
Biomass_Wood,capacity,biowood_MIDAT,MIDAT_Bio_Gasoline_Wood,MIDAT_Bio_Gasoline_Wood_biomass_edge,BECCSGasoline,retired_capacity,0.0
Biomass_Wood,capacity,biowood_NE,NE_Bio_Gasoline_Wood,NE_Bio_Gasoline_Wood_biomass_edge,BECCSGasoline,retired_capacity,0.0
Biomass_Herb,capacity,bioherb_SE,SE_BECCS_H2_Herb,SE_BECCS_H2_Herb_biomass_edge,BECCSHydrogen,retired_capacity,0.0
Biomass_Herb,capacity,bioherb_MIDAT,MIDAT_BECCS_H2_Herb,MIDAT_BECCS_H2_Herb_biomass_edge,BECCSHydrogen,retired_capacity,0.0
Biomass_Herb,capacity,bioherb_NE,NE_BECCS_H2_Herb,NE_BECCS_H2_Herb_biomass_edge,BECCSHydrogen,retired_capacity,0.0
Biomass_Wood,capacity,biowood_SE,SE_BECCS_H2_Wood,SE_BECCS_H2_Wood_biomass_edge,BECCSHydrogen,retired_capacity,0.0
Biomass_Wood,capacity,biowood_MIDAT,MIDAT_BECCS_H2_Wood,MIDAT_BECCS_H2_Wood_biomass_edge,BECCSHydrogen,retired_capacity,0.0
Biomass_Wood,capacity,biowood_NE,NE_BECCS_H2_Wood,NE_BECCS_H2_Wood_biomass_edge,BECCSHydrogen,retired_capacity,0.0
Biomass_Herb,capacity,bioherb_SE,SE_Bio_FT_Herb,SE_Bio_FT_Herb_biomass_edge,BECCSLiquidFuels,retired_capacity,0.0
Biomass_Herb,capacity,bioherb_MIDAT,MIDAT_Bio_FT_Herb,MIDAT_Bio_FT_Herb_biomass_edge,BECCSLiquidFuels,retired_capacity,0.0
Biomass_Herb,capacity,bioherb_NE,NE_Bio_FT_Herb,NE_Bio_FT_Herb_biomass_edge,BECCSLiquidFuels,retired_capacity,0.0
Biomass_Wood,capacity,biowood_SE,SE_Bio_FT_Wood,SE_Bio_FT_Wood_biomass_edge,BECCSLiquidFuels,retired_capacity,0.0
Biomass_Wood,capacity,biowood_MIDAT,MIDAT_Bio_FT_Wood,MIDAT_Bio_FT_Wood_biomass_edge,BECCSLiquidFuels,retired_capacity,0.0
Biomass_Wood,capacity,biowood_NE,NE_Bio_FT_Wood,NE_Bio_FT_Wood_biomass_edge,BECCSLiquidFuels,retired_capacity,0.0
Biomass_Herb,capacity,bioherb_SE,SE_BECCS_FT_Herb,SE_BECCS_FT_Herb_biomass_edge,BECCSLiquidFuels,retired_capacity,0.0
Biomass_Herb,capacity,bioherb_MIDAT,MIDAT_BECCS_FT_Herb,MIDAT_BECCS_FT_Herb_biomass_edge,BECCSLiquidFuels,retired_capacity,0.0
Biomass_Herb,capacity,bioherb_NE,NE_BECCS_FT_Herb,NE_BECCS_FT_Herb_biomass_edge,BECCSLiquidFuels,retired_capacity,0.0
Biomass_Wood,capacity,biowood_SE,SE_BECCS_FT_Wood,SE_BECCS_FT_Wood_biomass_edge,BECCSLiquidFuels,retired_capacity,0.0
Biomass_Wood,capacity,biowood_MIDAT,MIDAT_BECCS_FT_Wood,MIDAT_BECCS_FT_Wood_biomass_edge,BECCSLiquidFuels,retired_capacity,0.0
Biomass_Wood,capacity,biowood_NE,NE_BECCS_FT_Wood,NE_BECCS_FT_Wood_biomass_edge,BECCSLiquidFuels,retired_capacity,0.0
Biomass_Herb,capacity,bioherb_SE,SE_Bio_NaturalGas_Herb,SE_Bio_NaturalGas_Herb_biomass_edge,BECCSNaturalGas,retired_capacity,0.0
Biomass_Herb,capacity,bioherb_MIDAT,MIDAT_Bio_NaturalGas_Herb,MIDAT_Bio_NaturalGas_Herb_biomass_edge,BECCSNaturalGas,retired_capacity,0.0
Biomass_Herb,capacity,bioherb_NE,NE_Bio_NaturalGas_Herb,NE_Bio_NaturalGas_Herb_biomass_edge,BECCSNaturalGas,retired_capacity,0.0
Biomass_Wood,capacity,biowood_SE,SE_Bio_NaturalGas_Wood,SE_Bio_NaturalGas_Wood_biomass_edge,BECCSNaturalGas,retired_capacity,0.0
Biomass_Wood,capacity,biowood_MIDAT,MIDAT_Bio_NaturalGas_Wood,MIDAT_Bio_NaturalGas_Wood_biomass_edge,BECCSNaturalGas,retired_capacity,0.0
Biomass_Wood,capacity,biowood_NE,NE_Bio_NaturalGas_Wood,NE_Bio_NaturalGas_Wood_biomass_edge,BECCSNaturalGas,retired_capacity,0.0
Biomass_Herb,capacity,bioherb_SE,SE_BECCS_NaturalGas_Herb,SE_BECCS_NaturalGas_Herb_biomass_edge,BECCSNaturalGas,retired_capacity,0.0
Biomass_Herb,capacity,bioherb_MIDAT,MIDAT_BECCS_NaturalGas_Herb,MIDAT_BECCS_NaturalGas_Herb_biomass_edge,BECCSNaturalGas,retired_capacity,0.0
Biomass_Herb,capacity,bioherb_NE,NE_BECCS_NaturalGas_Herb,NE_BECCS_NaturalGas_Herb_biomass_edge,BECCSNaturalGas,retired_capacity,0.0
Biomass_Wood,capacity,biowood_SE,SE_BECCS_NaturalGas_Wood,SE_BECCS_NaturalGas_Wood_biomass_edge,BECCSNaturalGas,retired_capacity,0.0
Biomass_Wood,capacity,biowood_MIDAT,MIDAT_BECCS_NaturalGas_Wood,MIDAT_BECCS_NaturalGas_Wood_biomass_edge,BECCSNaturalGas,retired_capacity,0.0
Biomass_Wood,capacity,biowood_NE,NE_BECCS_NaturalGas_Wood,NE_BECCS_NaturalGas_Wood_biomass_edge,BECCSNaturalGas,retired_capacity,0.0
CO2Captured,capacity,co2_captured_SE,SE_CO2_Injection_1,SE_CO2_Injection_1_co2_captured_edge,CO2Injection,retired_capacity,0.0
CO2Captured,capacity,co2_captured_SE,SE_CO2_Injection_2,SE_CO2_Injection_2_co2_captured_edge,CO2Injection,retired_capacity,0.0
CO2Captured,capacity,co2_captured_SE,SE_CO2_Injection_3,SE_CO2_Injection_3_co2_captured_edge,CO2Injection,retired_capacity,0.0
CO2Captured,capacity,co2_captured_SE,SE_CO2_Injection_4,SE_CO2_Injection_4_co2_captured_edge,CO2Injection,retired_capacity,0.0
CO2Captured,capacity,co2_captured_SE,SE_CO2_Injection_5,SE_CO2_Injection_5_co2_captured_edge,CO2Injection,retired_capacity,0.0
CO2Captured,capacity,co2_captured_SE,SE_CO2_Injection_6,SE_CO2_Injection_6_co2_captured_edge,CO2Injection,retired_capacity,0.0
CO2Captured,capacity,co2_captured_SE,SE_CO2_Injection_7,SE_CO2_Injection_7_co2_captured_edge,CO2Injection,retired_capacity,0.0
CO2Captured,capacity,co2_captured_SE,SE_CO2_Injection_8,SE_CO2_Injection_8_co2_captured_edge,CO2Injection,retired_capacity,0.0
CO2Captured,capacity,co2_captured_SE,SE_CO2_Injection_9,SE_CO2_Injection_9_co2_captured_edge,CO2Injection,retired_capacity,0.0
CO2Captured,capacity,co2_captured_SE,SE_CO2_Injection_10,SE_CO2_Injection_10_co2_captured_edge,CO2Injection,retired_capacity,0.0
CO2Captured,capacity,co2_captured_SE,SE_CO2_Injection_11,SE_CO2_Injection_11_co2_captured_edge,CO2Injection,retired_capacity,0.0
CO2Captured,capacity,co2_captured_MIDAT,MIDAT_CO2_Injection,MIDAT_CO2_Injection_co2_captured_edge,CO2Injection,retired_capacity,0.0
CO2,capacity,co2_sink,SE_Sorbent_DAC,SE_Sorbent_DAC_co2_edge,ElectricDAC,retired_capacity,0.0
CO2,capacity,co2_sink,MIDAT_Sorbent_DAC,MIDAT_Sorbent_DAC_co2_edge,ElectricDAC,retired_capacity,0.0
CO2,capacity,co2_sink,NE_Sorbent_DAC,NE_Sorbent_DAC_co2_edge,ElectricDAC,retired_capacity,0.0
Electricity,capacity,elec_SE,battery_SE,battery_SE_discharge_edge,Battery,retired_capacity,0.0
Electricity,capacity,elec_MIDAT,battery_MIDAT,battery_MIDAT_discharge_edge,Battery,retired_capacity,0.0
Electricity,capacity,elec_NE,battery_NE,battery_NE_discharge_edge,Battery,retired_capacity,0.0
Electricity,capacity,elec_SE,pumpedhydro_SE,pumpedhydro_SE_discharge_edge,Battery,retired_capacity,0.0
Electricity,capacity,elec_MIDAT,pumpedhydro_MIDAT,pumpedhydro_MIDAT_discharge_edge,Battery,retired_capacity,0.0
Electricity,capacity,elec_NE,pumpedhydro_NE,pumpedhydro_NE_discharge_edge,Battery,retired_capacity,0.0
Hydrogen,capacity,h2_SE,SE_Electrolyzer,SE_Electrolyzer_h2_edge,Electrolyzer,retired_capacity,0.0
Hydrogen,capacity,h2_MIDAT,MIDAT_Electrolyzer,MIDAT_Electrolyzer_h2_edge,Electrolyzer,retired_capacity,0.0
Hydrogen,capacity,h2_NE,NE_Electrolyzer,NE_Electrolyzer_h2_edge,Electrolyzer,retired_capacity,0.0
Electricity,capacity,elec_SE,SE_CCGT-H2,SE_CCGT-H2_elec_edge,ThermalPower{Hydrogen},retired_capacity,0.0
Electricity,capacity,elec_MIDAT,MIDAT_CCGT-H2,MIDAT_CCGT-H2_elec_edge,ThermalPower{Hydrogen},retired_capacity,0.0
Electricity,capacity,elec_NE,NE_CCGT-H2,NE_CCGT-H2_elec_edge,ThermalPower{Hydrogen},retired_capacity,0.0
Electricity,capacity,elec_SE,SE_OCGT-H2,SE_OCGT-H2_elec_edge,ThermalPower{Hydrogen},retired_capacity,0.0
Electricity,capacity,elec_MIDAT,MIDAT_OCGT-H2,MIDAT_OCGT-H2_elec_edge,ThermalPower{Hydrogen},retired_capacity,0.0
Electricity,capacity,elec_NE,NE_OCGT-H2,NE_OCGT-H2_elec_edge,ThermalPower{Hydrogen},retired_capacity,0.0
Hydrogen,capacity,internal,h2_SE_to_MIDAT,h2_SE_to_MIDAT_charge_edge,GasStorage{Hydrogen},retired_capacity,0.0
Hydrogen,capacity,internal,h2_SE_to_MIDAT,h2_SE_to_MIDAT_discharge_edge,GasStorage{Hydrogen},retired_capacity,0.0
Hydrogen,capacity,internal,h2_MIDAT_to_SE,h2_MIDAT_to_SE_charge_edge,GasStorage{Hydrogen},retired_capacity,0.0
Hydrogen,capacity,internal,h2_MIDAT_to_SE,h2_MIDAT_to_SE_discharge_edge,GasStorage{Hydrogen},retired_capacity,0.0
Hydrogen,capacity,internal,h2_NE_to_MIDAT,h2_NE_to_MIDAT_charge_edge,GasStorage{Hydrogen},retired_capacity,0.0
Hydrogen,capacity,internal,h2_NE_to_MIDAT,h2_NE_to_MIDAT_discharge_edge,GasStorage{Hydrogen},retired_capacity,0.0
Hydrogen,capacity,internal,h2_MIDAT_to_NE,h2_MIDAT_to_NE_charge_edge,GasStorage{Hydrogen},retired_capacity,0.0
Hydrogen,capacity,internal,h2_MIDAT_to_NE,h2_MIDAT_to_NE_discharge_edge,GasStorage{Hydrogen},retired_capacity,0.0
Hydrogen,capacity,internal,SE_Above_ground_storage,SE_Above_ground_storage_charge_edge,GasStorage{Hydrogen},retired_capacity,0.0
Hydrogen,capacity,internal,SE_Above_ground_storage,SE_Above_ground_storage_discharge_edge,GasStorage{Hydrogen},retired_capacity,0.0
Hydrogen,capacity,internal,MIDAT_Above_ground_storage,MIDAT_Above_ground_storage_charge_edge,GasStorage{Hydrogen},retired_capacity,0.0
Hydrogen,capacity,internal,MIDAT_Above_ground_storage,MIDAT_Above_ground_storage_discharge_edge,GasStorage{Hydrogen},retired_capacity,0.0
Hydrogen,capacity,internal,NE_Above_ground_storage,NE_Above_ground_storage_charge_edge,GasStorage{Hydrogen},retired_capacity,0.0
Hydrogen,capacity,internal,NE_Above_ground_storage,NE_Above_ground_storage_discharge_edge,GasStorage{Hydrogen},retired_capacity,0.0
Electricity,capacity,elec_MIDAT,MIDAT_conventional_hydroelectric_1,MIDAT_conventional_hydroelectric_1_discharge_edge,HydroRes,retired_capacity,0.0
Electricity,capacity,hydro_source,MIDAT_conventional_hydroelectric_1,MIDAT_conventional_hydroelectric_1_inflow_edge,HydroRes,retired_capacity,0.0
Electricity,capacity,elec_NE,NE_conventional_hydroelectric_1,NE_conventional_hydroelectric_1_discharge_edge,HydroRes,retired_capacity,0.0
Electricity,capacity,hydro_source,NE_conventional_hydroelectric_1,NE_conventional_hydroelectric_1_inflow_edge,HydroRes,retired_capacity,0.0
Electricity,capacity,elec_SE,SE_conventional_hydroelectric_1,SE_conventional_hydroelectric_1_discharge_edge,HydroRes,retired_capacity,0.0
Electricity,capacity,hydro_source,SE_conventional_hydroelectric_1,SE_conventional_hydroelectric_1_inflow_edge,HydroRes,retired_capacity,0.0
Electricity,capacity,elec_SE,SE_small_hydroelectric_1,SE_small_hydroelectric_1_elec_edge,MustRun,retired_capacity,0.0
Electricity,capacity,elec_MIDAT,MIDAT_small_hydroelectric_1,MIDAT_small_hydroelectric_1_elec_edge,MustRun,retired_capacity,0.0
Electricity,capacity,elec_NE,NE_small_hydroelectric_1,NE_small_hydroelectric_1_elec_edge,MustRun,retired_capacity,0.0
CO2,capacity,co2_sink,SE_Solvent_DAC,SE_Solvent_DAC_co2_edge,NaturalGasDAC,retired_capacity,0.0
CO2,capacity,co2_sink,MIDAT_Solvent_DAC,MIDAT_Solvent_DAC_co2_edge,NaturalGasDAC,retired_capacity,0.0
CO2,capacity,co2_sink,NE_Solvent_DAC,NE_Solvent_DAC_co2_edge,NaturalGasDAC,retired_capacity,0.0
Hydrogen,capacity,h2_SE,SE_Large_SMR_Non_CCS,SE_Large_SMR_Non_CCS_h2_edge,ThermalHydrogen{NaturalGas},retired_capacity,0.0
Hydrogen,capacity,h2_MIDAT,MIDAT_Large_SMR_Non_CCS,MIDAT_Large_SMR_Non_CCS_h2_edge,ThermalHydrogen{NaturalGas},retired_capacity,0.0
Hydrogen,capacity,h2_NE,NE_Large_SMR_Non_CCS,NE_Large_SMR_Non_CCS_h2_edge,ThermalHydrogen{NaturalGas},retired_capacity,0.0
Hydrogen,capacity,h2_SE,SE_ATR_wCCS_94pct,SE_ATR_wCCS_94pct_h2_edge,ThermalHydrogenCCS{NaturalGas},retired_capacity,0.0
Hydrogen,capacity,h2_MIDAT,MIDAT_ATR_wCCS_94pct,MIDAT_ATR_wCCS_94pct_h2_edge,ThermalHydrogenCCS{NaturalGas},retired_capacity,0.0
Hydrogen,capacity,h2_NE,NE_ATR_wCCS_94pct,NE_ATR_wCCS_94pct_h2_edge,ThermalHydrogenCCS{NaturalGas},retired_capacity,0.0
Hydrogen,capacity,h2_SE,SE_Large_SMR_wCCS_96pct,SE_Large_SMR_wCCS_96pct_h2_edge,ThermalHydrogenCCS{NaturalGas},retired_capacity,0.0
Hydrogen,capacity,h2_MIDAT,MIDAT_Large_SMR_wCCS_96pct,MIDAT_Large_SMR_wCCS_96pct_h2_edge,ThermalHydrogenCCS{NaturalGas},retired_capacity,0.0
Hydrogen,capacity,h2_NE,NE_Large_SMR_wCCS_96pct,NE_Large_SMR_wCCS_96pct_h2_edge,ThermalHydrogenCCS{NaturalGas},retired_capacity,0.0
Electricity,capacity,elec_MIDAT,MIDAT_natural_gas_fired_combined_cycle_1,MIDAT_natural_gas_fired_combined_cycle_1_elec_edge,ThermalPower{NaturalGas},retired_capacity,4026.4
Electricity,capacity,elec_MIDAT,MIDAT_natural_gas_fired_combined_cycle_2,MIDAT_natural_gas_fired_combined_cycle_2_elec_edge,ThermalPower{NaturalGas},retired_capacity,10230.112862714075
Electricity,capacity,elec_MIDAT,MIDAT_natural_gas_fired_combined_cycle_3,MIDAT_natural_gas_fired_combined_cycle_3_elec_edge,ThermalPower{NaturalGas},retired_capacity,1697.696
Electricity,capacity,elec_MIDAT,MIDAT_natural_gas_fired_combined_cycle_4,MIDAT_natural_gas_fired_combined_cycle_4_elec_edge,ThermalPower{NaturalGas},retired_capacity,20288.499
Electricity,capacity,elec_MIDAT,MIDAT_natural_gas_fired_combustion_turbine_1,MIDAT_natural_gas_fired_combustion_turbine_1_elec_edge,ThermalPower{NaturalGas},retired_capacity,14508.75
Electricity,capacity,elec_MIDAT,MIDAT_natural_gas_fired_combustion_turbine_2,MIDAT_natural_gas_fired_combustion_turbine_2_elec_edge,ThermalPower{NaturalGas},retired_capacity,704.7179999999966
Electricity,capacity,elec_NE,NE_natural_gas_fired_combined_cycle_1,NE_natural_gas_fired_combined_cycle_1_elec_edge,ThermalPower{NaturalGas},retired_capacity,6119.616
Electricity,capacity,elec_NE,NE_natural_gas_fired_combined_cycle_2,NE_natural_gas_fired_combined_cycle_2_elec_edge,ThermalPower{NaturalGas},retired_capacity,15568.949967817212
Electricity,capacity,elec_NE,NE_natural_gas_fired_combined_cycle_3,NE_natural_gas_fired_combined_cycle_3_elec_edge,ThermalPower{NaturalGas},retired_capacity,19.5
Electricity,capacity,elec_NE,NE_natural_gas_fired_combined_cycle_4,NE_natural_gas_fired_combined_cycle_4_elec_edge,ThermalPower{NaturalGas},retired_capacity,0.0
Electricity,capacity,elec_NE,NE_natural_gas_fired_combustion_turbine_1,NE_natural_gas_fired_combustion_turbine_1_elec_edge,ThermalPower{NaturalGas},retired_capacity,1413.201
Electricity,capacity,elec_NE,NE_natural_gas_fired_combustion_turbine_2,NE_natural_gas_fired_combustion_turbine_2_elec_edge,ThermalPower{NaturalGas},retired_capacity,2341.199
Electricity,capacity,elec_SE,SE_natural_gas_fired_combined_cycle_1,SE_natural_gas_fired_combined_cycle_1_elec_edge,ThermalPower{NaturalGas},retired_capacity,26218.712
Electricity,capacity,elec_SE,SE_natural_gas_fired_combined_cycle_2,SE_natural_gas_fired_combined_cycle_2_elec_edge,ThermalPower{NaturalGas},retired_capacity,4637.5
Electricity,capacity,elec_SE,SE_natural_gas_fired_combined_cycle_3,SE_natural_gas_fired_combined_cycle_3_elec_edge,ThermalPower{NaturalGas},retired_capacity,35614.180468141785
Electricity,capacity,elec_SE,SE_natural_gas_fired_combined_cycle_4,SE_natural_gas_fired_combined_cycle_4_elec_edge,ThermalPower{NaturalGas},retired_capacity,6088.5
Electricity,capacity,elec_SE,SE_natural_gas_fired_combustion_turbine_1,SE_natural_gas_fired_combustion_turbine_1_elec_edge,ThermalPower{NaturalGas},retired_capacity,24934.14
Electricity,capacity,elec_SE,SE_natural_gas_fired_combustion_turbine_2,SE_natural_gas_fired_combustion_turbine_2_elec_edge,ThermalPower{NaturalGas},retired_capacity,683.209
Electricity,capacity,elec_SE,SE_naturalgas_ccavgcf_moderate_0,SE_naturalgas_ccavgcf_moderate_0_elec_edge,ThermalPower{NaturalGas},retired_capacity,0.0
Electricity,capacity,elec_SE,SE_naturalgas_ctavgcf_moderate_0,SE_naturalgas_ctavgcf_moderate_0_elec_edge,ThermalPower{NaturalGas},retired_capacity,0.0
Electricity,capacity,elec_MIDAT,MIDAT_naturalgas_ccavgcf_moderate_0,MIDAT_naturalgas_ccavgcf_moderate_0_elec_edge,ThermalPower{NaturalGas},retired_capacity,0.0
Electricity,capacity,elec_MIDAT,MIDAT_naturalgas_ctavgcf_moderate_0,MIDAT_naturalgas_ctavgcf_moderate_0_elec_edge,ThermalPower{NaturalGas},retired_capacity,0.0
Electricity,capacity,elec_NE,NE_naturalgas_ccavgcf_moderate_0,NE_naturalgas_ccavgcf_moderate_0_elec_edge,ThermalPower{NaturalGas},retired_capacity,0.0
Electricity,capacity,elec_NE,NE_naturalgas_ctavgcf_moderate_0,NE_naturalgas_ctavgcf_moderate_0_elec_edge,ThermalPower{NaturalGas},retired_capacity,0.0
Electricity,capacity,elec_SE,SE_naturalgas_ccccsavgcf_conservative_0,SE_naturalgas_ccccsavgcf_conservative_0_elec_edge,ThermalPowerCCS{NaturalGas},retired_capacity,0.0
Electricity,capacity,elec_MIDAT,MIDAT_naturalgas_ccccsavgcf_conservative_0,MIDAT_naturalgas_ccccsavgcf_conservative_0_elec_edge,ThermalPowerCCS{NaturalGas},retired_capacity,0.0
Electricity,capacity,elec_NE,NE_naturalgas_ccccsavgcf_conservative_0,NE_naturalgas_ccccsavgcf_conservative_0_elec_edge,ThermalPowerCCS{NaturalGas},retired_capacity,0.0
Electricity,capacity,elec_SE,SE_nuclear_1,SE_nuclear_1_elec_edge,ThermalPower{Uranium},retired_capacity,0.0
Electricity,capacity,elec_SE,SE_nuclear_2,SE_nuclear_2_elec_edge,ThermalPower{Uranium},retired_capacity,0.0
Electricity,capacity,elec_NE,NE_nuclear_1,NE_nuclear_1_elec_edge,ThermalPower{Uranium},retired_capacity,0.0
Electricity,capacity,elec_NE,NE_nuclear_2,NE_nuclear_2_elec_edge,ThermalPower{Uranium},retired_capacity,0.0
Electricity,capacity,elec_MIDAT,MIDAT_nuclear_1,MIDAT_nuclear_1_elec_edge,ThermalPower{Uranium},retired_capacity,0.0
Electricity,capacity,elec_MIDAT,MIDAT_nuclear_2,MIDAT_nuclear_2_elec_edge,ThermalPower{Uranium},retired_capacity,0.0
Electricity,capacity,elec_MIDAT,MIDAT_nuclear_mid_0,MIDAT_nuclear_mid_0_elec_edge,ThermalPower{Uranium},retired_capacity,0.0
Electricity,capacity,elec_NE,NE_nuclear_mid_0,NE_nuclear_mid_0_elec_edge,ThermalPower{Uranium},retired_capacity,0.0
Electricity,capacity,elec_SE,SE_nuclear_mid_0,SE_nuclear_mid_0_elec_edge,ThermalPower{Uranium},retired_capacity,0.0
Electricity,capacity,elec_SE_elec_MIDAT,SE_to_MIDAT,SE_to_MIDAT_transmission_edge,TransmissionLink{Electricity},retired_capacity,0.0
Electricity,capacity,elec_MIDAT_elec_NE,MIDAT_to_NE,MIDAT_to_NE_transmission_edge,TransmissionLink{Electricity},retired_capacity,0.0
CO2Captured,capacity,co2_captured_SE,SE_Synthetic_FT,SE_Synthetic_FT_co2_captured_edge,SyntheticLiquidFuels,retired_capacity,0.0
CO2Captured,capacity,co2_captured_MIDAT,MIDAT_Synthetic_FT,MIDAT_Synthetic_FT_co2_captured_edge,SyntheticLiquidFuels,retired_capacity,0.0
CO2Captured,capacity,co2_captured_NE,NE_Synthetic_FT,NE_Synthetic_FT_co2_captured_edge,SyntheticLiquidFuels,retired_capacity,0.0
CO2Captured,capacity,co2_captured_SE,SE_Synthetic_NaturalGas,SE_Synthetic_NaturalGas_co2_captured_edge,SyntheticNaturalGas,retired_capacity,0.0
CO2Captured,capacity,co2_captured_MIDAT,MIDAT_Synthetic_NaturalGas,MIDAT_Synthetic_NaturalGas_co2_captured_edge,SyntheticNaturalGas,retired_capacity,0.0
CO2Captured,capacity,co2_captured_NE,NE_Synthetic_NaturalGas,NE_Synthetic_NaturalGas_co2_captured_edge,SyntheticNaturalGas,retired_capacity,0.0
Electricity,capacity,elec_NE,NE_offshorewind_class10_moderate_floating_1_1,NE_offshorewind_class10_moderate_floating_1_1_edge,VRE,retired_capacity,0.0
Electricity,capacity,elec_SE,SE_utilitypv_class1_moderate_70_0_2_1,SE_utilitypv_class1_moderate_70_0_2_1_edge,VRE,retired_capacity,0.0
Electricity,capacity,elec_SE,SE_utilitypv_class1_moderate_70_0_2_2,SE_utilitypv_class1_moderate_70_0_2_2_edge,VRE,retired_capacity,0.0
Electricity,capacity,elec_SE,SE_utilitypv_class1_moderate_70_0_2_3,SE_utilitypv_class1_moderate_70_0_2_3_edge,VRE,retired_capacity,0.0
Electricity,capacity,elec_SE,SE_utilitypv_class1_moderate_70_0_2_4,SE_utilitypv_class1_moderate_70_0_2_4_edge,VRE,retired_capacity,0.0
Electricity,capacity,elec_SE,SE_utilitypv_class1_moderate_70_0_2_5,SE_utilitypv_class1_moderate_70_0_2_5_edge,VRE,retired_capacity,0.0
Electricity,capacity,elec_SE,SE_utilitypv_class1_moderate_70_0_2_6,SE_utilitypv_class1_moderate_70_0_2_6_edge,VRE,retired_capacity,0.0
Electricity,capacity,elec_SE,SE_utilitypv_class1_moderate_70_0_2_7,SE_utilitypv_class1_moderate_70_0_2_7_edge,VRE,retired_capacity,0.0
Electricity,capacity,elec_SE,SE_utilitypv_class1_moderate_70_0_2_8,SE_utilitypv_class1_moderate_70_0_2_8_edge,VRE,retired_capacity,0.0
Electricity,capacity,elec_MIDAT,MIDAT_utilitypv_class1_moderate_70_0_2_1,MIDAT_utilitypv_class1_moderate_70_0_2_1_edge,VRE,retired_capacity,0.0
Electricity,capacity,elec_MIDAT,MIDAT_utilitypv_class1_moderate_70_0_2_2,MIDAT_utilitypv_class1_moderate_70_0_2_2_edge,VRE,retired_capacity,0.0
Electricity,capacity,elec_MIDAT,MIDAT_utilitypv_class1_moderate_70_0_2_3,MIDAT_utilitypv_class1_moderate_70_0_2_3_edge,VRE,retired_capacity,0.0
Electricity,capacity,elec_MIDAT,MIDAT_utilitypv_class1_moderate_70_0_2_4,MIDAT_utilitypv_class1_moderate_70_0_2_4_edge,VRE,retired_capacity,0.0
Electricity,capacity,elec_MIDAT,MIDAT_utilitypv_class1_moderate_70_0_2_5,MIDAT_utilitypv_class1_moderate_70_0_2_5_edge,VRE,retired_capacity,0.0
Electricity,capacity,elec_MIDAT,MIDAT_utilitypv_class1_moderate_70_0_2_6,MIDAT_utilitypv_class1_moderate_70_0_2_6_edge,VRE,retired_capacity,0.0
Electricity,capacity,elec_MIDAT,MIDAT_utilitypv_class1_moderate_70_0_2_7,MIDAT_utilitypv_class1_moderate_70_0_2_7_edge,VRE,retired_capacity,0.0
Electricity,capacity,elec_NE,NE_utilitypv_class1_moderate_70_0_2_1,NE_utilitypv_class1_moderate_70_0_2_1_edge,VRE,retired_capacity,0.0
Electricity,capacity,elec_NE,NE_utilitypv_class1_moderate_70_0_2_2,NE_utilitypv_class1_moderate_70_0_2_2_edge,VRE,retired_capacity,0.0
Electricity,capacity,elec_NE,NE_utilitypv_class1_moderate_70_0_2_3,NE_utilitypv_class1_moderate_70_0_2_3_edge,VRE,retired_capacity,0.0
Electricity,capacity,elec_NE,NE_utilitypv_class1_moderate_70_0_2_4,NE_utilitypv_class1_moderate_70_0_2_4_edge,VRE,retired_capacity,0.0
Electricity,capacity,elec_NE,NE_utilitypv_class1_moderate_70_0_2_5,NE_utilitypv_class1_moderate_70_0_2_5_edge,VRE,retired_capacity,0.0
Electricity,capacity,elec_NE,NE_utilitypv_class1_moderate_70_0_2_6,NE_utilitypv_class1_moderate_70_0_2_6_edge,VRE,retired_capacity,0.0
Electricity,capacity,elec_NE,NE_utilitypv_class1_moderate_70_0_2_7,NE_utilitypv_class1_moderate_70_0_2_7_edge,VRE,retired_capacity,0.0
Electricity,capacity,elec_SE,SE_landbasedwind_class4_moderate_70_1,SE_landbasedwind_class4_moderate_70_1_edge,VRE,retired_capacity,0.0
Electricity,capacity,elec_SE,SE_landbasedwind_class4_moderate_70_2,SE_landbasedwind_class4_moderate_70_2_edge,VRE,retired_capacity,0.0
Electricity,capacity,elec_SE,SE_landbasedwind_class4_moderate_70_3,SE_landbasedwind_class4_moderate_70_3_edge,VRE,retired_capacity,0.0
Electricity,capacity,elec_SE,SE_landbasedwind_class4_moderate_70_4,SE_landbasedwind_class4_moderate_70_4_edge,VRE,retired_capacity,0.0
Electricity,capacity,elec_SE,SE_landbasedwind_class4_moderate_70_5,SE_landbasedwind_class4_moderate_70_5_edge,VRE,retired_capacity,0.0
Electricity,capacity,elec_SE,SE_landbasedwind_class4_moderate_70_6,SE_landbasedwind_class4_moderate_70_6_edge,VRE,retired_capacity,0.0
Electricity,capacity,elec_SE,SE_landbasedwind_class4_moderate_70_7,SE_landbasedwind_class4_moderate_70_7_edge,VRE,retired_capacity,0.0
Electricity,capacity,elec_SE,SE_landbasedwind_class4_moderate_70_8,SE_landbasedwind_class4_moderate_70_8_edge,VRE,retired_capacity,0.0
Electricity,capacity,elec_MIDAT,MIDAT_landbasedwind_class4_moderate_70_1,MIDAT_landbasedwind_class4_moderate_70_1_edge,VRE,retired_capacity,0.0
Electricity,capacity,elec_MIDAT,MIDAT_landbasedwind_class4_moderate_70_2,MIDAT_landbasedwind_class4_moderate_70_2_edge,VRE,retired_capacity,0.0
Electricity,capacity,elec_MIDAT,MIDAT_landbasedwind_class4_moderate_70_3,MIDAT_landbasedwind_class4_moderate_70_3_edge,VRE,retired_capacity,0.0
Electricity,capacity,elec_MIDAT,MIDAT_landbasedwind_class4_moderate_70_4,MIDAT_landbasedwind_class4_moderate_70_4_edge,VRE,retired_capacity,0.0
Electricity,capacity,elec_MIDAT,MIDAT_landbasedwind_class4_moderate_70_5,MIDAT_landbasedwind_class4_moderate_70_5_edge,VRE,retired_capacity,0.0
Electricity,capacity,elec_MIDAT,MIDAT_landbasedwind_class4_moderate_70_6,MIDAT_landbasedwind_class4_moderate_70_6_edge,VRE,retired_capacity,0.0
Electricity,capacity,elec_MIDAT,MIDAT_landbasedwind_class4_moderate_70_7,MIDAT_landbasedwind_class4_moderate_70_7_edge,VRE,retired_capacity,0.0
Electricity,capacity,elec_NE,NE_landbasedwind_class4_moderate_70_1,NE_landbasedwind_class4_moderate_70_1_edge,VRE,retired_capacity,0.0
Electricity,capacity,elec_NE,NE_landbasedwind_class4_moderate_70_2,NE_landbasedwind_class4_moderate_70_2_edge,VRE,retired_capacity,0.0
Electricity,capacity,elec_NE,NE_landbasedwind_class4_moderate_70_3,NE_landbasedwind_class4_moderate_70_3_edge,VRE,retired_capacity,0.0
Electricity,capacity,elec_NE,NE_landbasedwind_class4_moderate_70_4,NE_landbasedwind_class4_moderate_70_4_edge,VRE,retired_capacity,0.0
Electricity,capacity,elec_NE,NE_landbasedwind_class4_moderate_70_5,NE_landbasedwind_class4_moderate_70_5_edge,VRE,retired_capacity,0.0
Electricity,capacity,elec_NE,NE_landbasedwind_class4_moderate_70_6,NE_landbasedwind_class4_moderate_70_6_edge,VRE,retired_capacity,0.0
Electricity,capacity,elec_NE,NE_landbasedwind_class4_moderate_70_7,NE_landbasedwind_class4_moderate_70_7_edge,VRE,retired_capacity,0.0
Electricity,capacity,elec_MIDAT,existing_solar_MIDAT,existing_solar_MIDAT_edge,VRE,retired_capacity,0.0
Electricity,capacity,elec_SE,existing_solar_SE,existing_solar_SE_edge,VRE,retired_capacity,0.0
Electricity,capacity,elec_NE,existing_solar_NE,existing_solar_NE_edge,VRE,retired_capacity,0.0
Electricity,capacity,elec_NE,existing_wind_NE,existing_wind_NE_edge,VRE,retired_capacity,0.0
Electricity,capacity,elec_MIDAT,existing_wind_MIDAT,existing_wind_MIDAT_edge,VRE,retired_capacity,0.0
